Time,V1,V2,V3,V4,V5,V6,V7,V8,V9,V10,V11,V12,V13,V14,V15,V16,V17,V18,V19,V20,V21,V22,V23,V24,V25,V26,V27,V28,Amount,Class
114336.10246392386,0.2167755637626291,-1.097302527632844,-0.5888668267386961,-0.8372624310497003,-0.6078752606758179,-0.5391227031489786,-0.5482687949250771,0.8333339117803071,-1.10486279306252,0.22054142701386686,1.2179591523055584,-0.513196364513396,-0.7179188907476018,-0.23052462518025083,1.1797252083607102,0.1941076309533577,-0.5312142946075985,0.48387665118803974,-1.1022921498364233,0.681359510442948,0.4086073077017676,-0.3078084711388841,-0.838585798447231,-0.8866809222834573,0.5348173363459102,1.2289805024890619,-0.6373077470287948,0.45838670355148425,47.64567331291586,0
81900.57143742434,-0.9857260463355437,0.5040465155178444,-0.5302576183724408,-0.7928728322623442,-0.10703035995455783,-1.035242322419374,-0.553649305347182,-1.1978778925888485,1.9647251329163893,0.03526355197172861,-0.6997255079925856,0.213979910734222,-0.11232804969082982,-0.22096959953322298,0.6141667000434252,0.7575077100473051,-0.5305011476105275,-0.57581824064468,-0.275051697151644,-2.301921164735585,-1.5151910621985523,1.3668742674445247,1.6449677135012837,-0.24903603955637832,0.5765569630557664,0.3112501545435361,3.0788808084552377,1.1195749114345768,15.018874227598486,0
1103.4786326688427,-1.4893930596493061,0.02464209842858423,0.08995614812678975,0.7533042690776492,-1.350248411942825,1.4951337455174116,0.2136304244285101,0.26658054669493636,-0.40137975733222647,0.5380223547968438,0.04795405028310565,1.2089819441064658,-1.4414942480636153,0.17554582989050802,0.40851234837742617,-0.1863723943630917,-0.4046658233070462,-0.3629572789687074,0.174639269367828,-1.809958900980706,0.9650149610632297,-0.48013186769585076,0.12780269736678268,0.36710226678806723,-0.5258053873129568,-0.1310384069989959,-2.035240240625504,0.732123607333072,45.50183686839796,0
25333.914302208548,-0.508562253275681,-0.48398711628087887,0.12366149515126128,-1.496014557149427,0.9594405320830891,1.2853852790142708,-0.6255806376880398,-0.3984361593487791,1.2433122248451696,-0.12305159098989943,0.5882454459516296,-0.09230539380077397,1.5563073884802743,0.49007962825149565,0.5476557719191922,0.5663065387335868,-0.5551137363277123,-0.4632391369225352,0.7692456395599749,0.12641282943361754,-1.177611007811773,1.8731044246247803,0.9780718672970998,0.03762632384501897,-0.27350098179996507,0.19867585753008277,0.5175200991574272,-2.0330007356700475,30.98405854215199,0
53621.305707665815,0.01631560168577677,0.7903785250428523,1.3005268585960061,0.1634054740224038,-1.1956237708552124,-0.22064275011577214,-0.7422480135662024,-0.503504161887299,-0.0946237926492889,-0.13415564209226424,0.4121091610202864,0.5573042937804867,-0.13414517626645758,0.40346891810791735,-0.5493598549354416,1.3147798255965035,-0.5655112882176463,1.197186484622428,-1.4760670917717218,-0.38040725741084613,-0.3309781736136056,0.27899179474847396,0.8618168032188236,-1.249395203059528,-1.1079830420429075,-1.4019080677162379,1.3201841971984174,0.29760494279712235,85.27357859163662,0
37382.30397460691,-0.6073544332122114,-0.07722104522304557,0.4258436586298291,0.4182057558879721,-1.7760117540484022,1.063940987560856,0.2525688459966235,1.3845320475939062,0.4441983272906719,1.1013229577357622,0.46654531145012695,1.3462257562027482,0.5222506360177785,-0.09791524644290406,2.2724347204468818,0.8890371222798921,0.5737444210044131,-1.276304416538336,-1.2883076174635377,0.2927154821418534,0.1455211977682408,-0.6141225650083162,0.14098269961206,1.5886269280435958,0.6954024745502987,-1.1410085097527383,-0.1115088271429437,-0.8049664808525608,45.03521404162474,0
166592.75036949068,0.26536234939962844,-0.5827586576115821,-2.438817158276429,-0.13427916218630415,1.42274813609994,0.9262154022415924,0.9653974845911707,1.2361307218062179,0.08865759096143744,0.1973157074055956,-0.6176518954343502,-0.31607285602704976,0.6157711497711416,1.2038844371688162,-0.13944627568099954,-0.4501892648514116,0.0005279588565972928,0.6012067489291149,-1.4438548161335418,-2.296180953137238,-0.5505368494915835,-1.2207124259141586,-0.5081401976473109,-0.14778031881747153,-0.4532484090230134,1.4524675344707454,0.32674476460232005,0.30047435961082836,42.77925642265757,0
48343.72565728066,0.1327878150770647,1.5080122737897765,-0.520438985392111,-0.014686414391873468,-1.8015029965080767,-0.6642043439462315,-1.9062723220007058,0.4291781198749986,0.8316375589515773,-0.22163488657080457,0.28588696725679236,-0.3257304552504472,0.7405453658744364,0.12946193512519885,-1.9856633558035592,0.9399808180928202,-0.3895427945831535,-1.2703794712084044,-0.43893397234400294,-1.9020696485464397,-1.2498893112390432,0.14294961011538876,0.2267116863405662,0.30643883425516816,0.003209867763497622,-0.6928651234720118,-0.054459139460565284,-0.43720744694788527,8.653866542811665,0
57733.283880558134,0.6502223934069432,-0.8814249061673531,1.4041659401003963,-0.9920435607771338,-0.5536951531354725,-1.1488514099292881,0.2560798786660208,1.3686296220971284,-0.9990062325598563,-2.060443037409089,1.0909666745194195,1.5538005010876805,-1.995080466414733,0.46005434144644425,0.22650535211528855,-0.7874753048877547,-1.394355666669233,0.9917503454465558,0.17907053145719495,0.25442645742672076,-0.6217693528332011,-0.8019092044499575,-2.4549735412739464,-0.22802802978487915,1.4388263794542226,-0.8902544200486536,-1.5224146942667398,0.43566456645700186,257.5397951674478,0
107809.20051119513,-2.553921134901955,0.9343199112392737,-1.366878698415421,-0.22476540189268354,-1.1701130260593595,-1.8019804375800197,0.541462728204788,0.7591551603026468,-0.5765104007267194,-2.59104229214491,-0.5462444482524828,0.3918040054025465,-1.4789115687741288,0.18335991977915564,-0.015309849172995557,0.5792914996010884,0.11958036841415326,-0.9730689408815555,1.1965715016644913,-0.15852957302697002,-0.02730453950993186,-0.933267959073196,-0.4432822511915103,-0.8848027140269009,-0.172946059923423,1.7117084801423434,-1.3719011429313563,-1.6135613978767411,50.02061644075931,0
99105.80281152306,-0.20445497968522458,-0.13525432539369245,1.0035665601832853,2.333244404285301,0.19228267439904112,1.9570636405416413,-0.24141441042020614,0.9519603635098018,1.1011557622472865,-0.40996050385277344,-0.7470780793016416,1.1453891885473528,-0.5315569372430567,-0.8943499126754028,-0.6839595017990969,-0.5356133384254117,0.8566171046256775,0.5150426732761878,0.715658244757891,0.4213798110980826,-0.5938401622466388,0.6971028559082724,1.182453826605304,0.5845032161193091,0.44965590662585037,-0.7670545065706765,0.21181707897447793,-0.8202413294487015,64.44460510491153,0
55587.40451158626,0.18610891589295708,-0.9257143372927692,-0.2254524107373242,-1.9315908440974665,1.183566836159972,0.045104032602031136,-2.3426993831239913,-1.4980177295888981,-0.25591287506912375,-1.3270049109258044,2.7449298480376427,0.7522874631893853,0.6814431322214427,-2.875216322257646,0.5422631355897627,-0.5871397407308677,-0.8948653449255051,-0.24821033739645415,-1.1014858485032752,0.5082648795402616,1.169861625205326,1.066460486108406,0.08450649794622328,2.649087635600203,1.6179701374006117,0.128130155592938,-0.32872665224181963,1.8556325953383046,59.365279597358004,1
60602.651365032165,0.6709112482768751,0.6037905202778941,-0.3918767653868664,-1.017764309076953,-1.027403551526011,-0.3732682459413141,0.6445184916452914,0.9282456913443246,-0.49653173548196905,-1.1534924259847839,0.2678436378663333,-0.8235349706258495,-0.5182526388612024,1.3252760904370375,0.827115428565768,0.1579743122514517,-1.2719190011127228,0.2113965674706589,1.0626572907875265,-0.3756336657655356,1.3511140899867151,1.292745289518207,1.6637328321434735,0.30524312653135294,0.5873916998060122,1.41418728833109,0.4473939370689756,-0.5012341077902127,7.6390028821671905,0
144978.73822967225,0.4547951696423805,0.7741314616193651,-1.0014370765050777,0.1932074227141938,1.3196444944772996,1.8192231832997212,0.03993639721469045,-0.23794354734707465,0.2690240681375333,0.2436370470275211,1.3867580661311534,-0.9963916891670672,-0.27987308616602163,-1.1171413268765105,-1.0120948857975771,0.37657401513912436,0.8098578416370265,-0.6493916937437452,0.7720947889752895,1.1115786571319681,1.93470599843339,0.069746848841049,-0.639764527444133,-1.0024719316058948,-1.1017931979198936,1.2497807014036066,-1.5150953429556504,1.2177484856512002,18.910380585317803,0
151762.0264241495,0.3086430199661837,-1.957281901024075,-3.494652827532556,2.254794201318232,-0.06648204515761752,0.7278651417043525,2.041665334035706,2.6716928592613844,0.5266445533939653,-0.28633727309919854,1.53798317376201,-0.2644097562575668,0.3615162809367848,-1.2109762246830014,0.4795647173211477,-0.3234228752422098,-1.0972839504424157,2.6208830416871707,-1.0504824439281994,0.25835706813032505,-0.7133696419385086,0.60644736505585,-1.2792621613627009,1.2584281887226614,2.6933874236306097,-0.7574470845208037,1.7103626352175847,-0.208255213274828,64.7652248938038,1
51179.34508859494,-1.6270049208667487,2.0225902305694814,1.2525407310292307,-0.7790194215199856,0.27242139665360987,0.417465089821295,1.1910858547734768,-0.8186050266600786,1.092106783982426,-0.5479053042069351,-1.3358624041686133,0.7241365593144973,1.2907584241224281,2.5879089735306846,-1.1997252650902135,0.6989196850807888,-0.40980124379353305,0.7833587105240313,-1.4704895512312506,-1.262769775698564,-0.7758748231664838,0.07896404566808451,-0.6410812665383554,0.6590543439134197,1.0268946182579144,0.5995775412453558,1.618787639660868,0.415826629455343,13.451976457231522,0
79361.02607153136,-2.240049898519503,-0.49836239219244655,0.9926885389127922,0.5458171745620152,-0.8398808965107355,-0.5652847763990818,-0.4107086591024168,-0.6627137718629301,-2.0296738677395822,0.7635911006198558,1.257059956689093,-1.5184489439647402,1.2438529325863146,-0.10302320139721578,1.2251323481678744,0.03795043629044597,0.13554459215862996,0.3724346469822128,-0.7900663251352782,1.1946741443280215,-1.1213806380747848,-0.4020667445166706,0.5242646776431689,-0.5091952404854638,0.7775312408149441,1.3758661731839563,1.0125460010538367,-1.9361153136786216,18.33534981534484,0
22519.37085217964,0.5416456878505924,1.3466434314344815,-1.2612118518523092,1.97281075471809,0.4151766023230718,1.0338907890683908,1.467071635043315,0.9726176427077422,-0.11053559700768201,1.2176981441914152,0.25459976987091937,1.0904847249076397,1.199875483780683,-1.0908965899727685,0.7943011319770064,-0.18189191851337158,0.13819063678401483,0.12709274884279767,0.08697021757535815,1.523525312229039,-1.3664476268940633,-1.722343356869786,-1.9332900716655732,1.0691442639359137,-0.7734374918676599,0.13218646951488633,-0.11471712412457906,-0.88637514063998,6.400912384189368,0
164417.59471854882,0.4525314363594847,-1.4004195603307676,0.20677477983441644,1.4170204129816264,0.681339503185609,0.1543366870644103,1.71193719581703,-0.18504072266080399,-0.6195556750216844,0.153831916078257,0.766467368111596,-1.717794095808261,0.2848686434904174,0.8103450155363101,-0.2696416252968609,1.1069647663026416,0.6411866624110701,2.141383118511077,-0.7506028975812151,0.8307098504960894,-1.0173239077974048,-1.615366451276726,-2.035530842817873,0.5383240223969266,0.18424791394410256,-0.4790510573617538,-1.773504333949613,-0.6903866261386762,30.20105272978174,0
12402.85931594145,0.7821826079557601,0.8433726221570585,0.5594490759950371,0.23658175087619732,1.3697087779697807,-1.155625481668862,0.06526819534255347,-0.7388028687302217,0.8899163325651686,-1.8333411645064328,-0.028083865592979814,0.33523868706994847,-0.9474921349737745,-0.6261900322215666,0.015378981372105674,0.9550963794414762,-1.0328692285870538,-0.8584499403746859,1.125587771040344,-0.2729753999198351,-0.7775390398449775,0.7286847972169158,-0.48819699723224685,1.027421535338774,-0.6637203769797122,-0.15959456182499593,0.9449716653887317,-0.22626087117375152,6.6501983576915835,0
143348.43727003102,0.31470630755446866,0.4730509282332128,0.9373272918208769,-0.978322207591943,1.4067808557880386,0.36141552377197955,0.6082288953073121,-0.22094226150476054,-0.9281426382790505,0.07272462740328739,0.18729554982321833,-1.3854282681144907,0.7932854051651251,0.9965246338965807,-0.7296646238211267,-1.0225853502720914,-0.302961376874301,0.023895096986299567,-0.2641710099153342,-0.060917832770783234,0.2214776976759162,-1.368268938725629,-1.253295627303265,-2.7222777409231447,0.9425452284534718,0.015227020617449225,1.0478511314651566,-1.1377379958113922,11.09980860711932,0
18519.3235595133,-2.4567470568634793,-0.8105058469792188,-0.9045418837870712,-0.18690512256040892,-0.04779087737353801,-1.0612626329465904,-0.6543733461130157,-0.773224970452823,-0.3507892451728689,0.21822273253109625,0.9105641223710805,1.0553309965464146,0.6536342613353238,-0.8739741194850966,-0.0032959203273537846,2.3743294034923883,1.0145326926872977,-0.440504558873525,1.58203818296378,-0.38806918979741406,-0.6684019683032681,1.395731935928564,-1.3096492900118983,-1.9137775802683563,0.941284578060475,0.02769093161621279,0.1273654785371559,-0.3614228394269773,92.18407655719322,0
6903.009783837102,-0.45638646133747546,-0.37294052043013654,1.8483506292674268,-0.10429851137772668,-0.6347318902666053,0.7766460283941474,-0.056134282959584794,-1.3895991634335654,1.0409140828073737,-0.7470393206992747,0.043585598389575965,-0.06813911378735642,0.23010117346986314,-2.1910740725646645,-0.3350994787992345,1.1248370601157018,1.2654455198916539,-0.9912903816403211,0.9205982427118157,-0.761429754425584,-0.37453225938728335,-0.3219843664592515,0.1088037097054082,1.0013664562908624,0.26458453602911114,-0.12613176032384468,0.9673112330382155,-0.8026613902337145,59.247387984582915,0
51733.44697628418,-0.48720292119492714,-0.3519213178165091,-0.7699960661974573,-1.2961166642498945,-0.4561208274741882,0.18142662011397137,0.5950294658355647,-0.5574230531083212,-0.41299782214343406,-0.9266983088473107,-0.03143917037477642,-0.8484286341908146,0.5731278132412001,-1.7858664919341112,-0.3596296724524624,0.3011073391917421,0.18383451632250436,2.6930336639804966,0.34980002456790754,-1.0040545968420103,-0.09546424708907303,-1.7762463334664518,-0.08059974929676088,-0.8330560570007587,0.9153902755601617,-0.5495402745955349,-0.11676591579524663,-0.6355578414044034,57.50633164266269,0
166584.1847902008,0.25373966149457344,0.4676931717654332,1.0857863249393471,0.09798315347089544,0.3080505395041023,-0.3916485674217911,0.26912694124510733,-0.3431922754974105,0.6215718898560508,-0.36961033604363397,0.37710039390218647,-0.029262813684978354,1.1260502507721681,-0.05139372358848624,-1.7730324682068814,1.2619215007139917,-0.9057323008626189,-0.6537663386488198,-0.5956612940434921,1.3744380931708173,-2.1356742139786955,3.1377485336599937,1.0560568090660518,0.22323891412915967,-0.05489400061628639,0.28555407485765694,0.5211224283793383,0.645215585950057,25.557351297708056,0
105542.79628189276,-0.6694101948325517,-0.2049350378132454,0.006868254939036984,1.0844795830730707,-0.5775300935075538,0.4801461362223696,2.7308672332235675,0.37735070276322974,-0.1804897889316338,-0.7791516519282973,-0.19433154542032846,-0.8862203436094058,0.2686614266837726,0.10354413863939305,-2.1622192209177933,-0.018558005766067587,1.076146312640013,-0.3991118522027499,-0.6528967724115621,-1.3777007731168525,-1.8579920416244045,0.8313492670632543,-0.18147832957919605,0.7720215620034229,1.5313237445794692,0.9212476849103453,-0.5423723214387958,0.14486766465755532,8.2125820687508,0
95622.54158876058,0.0143320598441565,0.41767369848378655,0.8469970876894585,0.17481776880877767,0.16465515535856898,-0.3894015430301985,1.5909049049045176,-1.1030234554704978,0.3590201525559389,-0.9878088345880198,0.5347785458050096,-1.0370175693877663,0.7438156985004581,0.11210494682451708,1.7446391732586815,-0.2810196472715856,0.42496611624754527,-0.7796562804607097,-0.2878930064412945,0.10574947944435283,-1.527219922471374,-1.417623934184772,0.5998592998356451,-0.1460868215316796,-0.5929265330480219,-0.7369861804167557,-0.6984887957236937,0.11255071500822862,4.949695249270645,0
70423.43576240404,-0.6751782749743815,-0.14451867071551783,-0.7924199209999613,-0.3079615296390403,-1.8936146669537857,0.21329370737293857,0.0012054753622242368,-0.8170886310681906,0.6592456684324051,0.9375701376265584,-1.6075598643689741,-0.7627247785662142,-0.7691423497872982,-0.9399031011088647,0.8294748419317485,-0.19382613877280352,-0.26451484131061076,-2.0038623644067535,0.6354180302092264,-1.2392583948534726,0.05993263026632825,0.2773769379581917,1.360658595838651,-1.308820399119112,-3.0195121558208253,0.18384954475369486,1.8005111815108537,1.2389463529394373,19.608676403226234,0
169817.3926693147,-0.18144906924751675,-0.10633700253131496,0.9955815140020298,1.7031726099180378,-1.6380290574360168,-1.7863754653546866,-0.6220348055543814,0.5827375831738644,0.4968735905075971,1.0697714549838502,-1.1996975283653082,-2.3161438629688766,0.8580141953021454,-0.8281962729652346,-2.018487864388638,0.14506374595938162,0.7931756882186773,-0.12205713212127726,-0.45784838618248924,-0.15936223214590656,-0.37058276240078286,-1.3480471119401671,-0.7146806769904318,0.5212799050138145,0.3216785413765001,0.16805980596682024,-0.9951484818533795,-0.18150316213566714,20.581803074820733,0
90728.52599440246,0.847932173353264,-1.0359109850124564,-0.14655853569167893,0.7526823152860572,-1.1874654017384385,0.18151333150755436,1.214973511292237,0.4739340992113509,-0.7206260575907678,1.5187183527167938,0.6583925119224902,-1.8604479999243069,0.8642436147342264,-0.5713742524172769,0.19656354764246445,1.0080040042932596,-0.5496045846648339,-1.645592614041814,1.5055451919058283,1.1645834712019478,-0.08725601318294572,0.8534214514921151,-0.3693867320636845,0.09697017676084972,-0.14428794263673994,-0.32894408535730224,0.3593025800857549,-1.2081788236455882,7.287744249636772,0
7828.532888609293,1.4412732890661155,-1.4358621511794394,1.1631637521549596,0.010233061019587049,-0.9815086510479509,0.46210347426327075,0.19905969557347003,-0.6002168771587947,0.06980208499001891,-0.3853135968617602,0.11351734525124804,0.6621306745210467,1.586016816145352,-1.237815498826849,2.1330333746562666,-1.9520877995225019,-0.15178509503558332,0.5883172064845765,0.28099186773503265,-0.6226995198205938,-0.20812225035727522,-0.4930009346588328,-0.5893647569442115,0.8496020970210246,0.35701548596504734,-0.6929095952606542,0.8995998754332507,0.30729952087660933,75.43443038184428,0
26673.87719938216,-1.6110056099552212,-0.14855140500704944,-0.4074601376352653,-0.6019686788963846,0.7602510946353603,1.1063291048284427,0.7716381493013362,-0.7233390824512339,2.4338480784024163,-1.770243188341892,-1.0326290690342947,0.1697292843903737,0.08939391914564943,0.48804407937874933,1.5801340950752016,-0.11985091936559887,0.11372946021298058,-0.5945160527242493,0.5883285184606423,-0.31847851065033933,-0.31905702106634304,0.5434831529637776,1.034920927080599,-2.208106551673877,0.36077842467342836,-0.2702033186775383,0.9476169376614091,-0.2501226010745113,324.9844787474182,0
156581.55442352445,-0.33477533210654087,-0.4036484632419967,-0.955122579349353,0.42359906559346105,2.062524919243145,-1.0675329142542729,0.02421945667275807,1.4122205554154292,-0.07964139124571515,0.4523717962497339,-1.0623935281468797,0.4283070972076486,-0.18714426500454878,0.985729995679863,1.1873860515647512,2.589563642018614,0.5796331732135757,0.32579631658216646,0.19438430157733602,-0.35316629281068834,0.33848384346169114,-0.29540141013902943,0.1684609762696143,1.3175975356079597,-1.0065425652796411,1.1398785611290454,1.3171150673398653,-0.11806852699107874,13.095181170494081,0
100239.35063088176,1.617212574968624,0.10435593752321293,-0.8987840483231282,-1.3303136257389898,-0.1891203907770335,0.9216501119244593,-0.12754912037753421,1.5111549302473475,-1.4511756900515589,-0.01208894784605456,-1.252393444413119,0.3636318826249679,0.8868873900973003,-0.42076179368105326,-2.6042138566271342,0.19894814679649453,0.4367385517335095,0.40429475496169764,1.235782191822154,-1.0710536796490489,0.6802161054504494,1.192507512477975,-1.7785875840065168,0.31965182591897723,-0.5041798310076715,-0.08152267310164589,0.34767648353833636,-0.4872285641135523,145.9678270643091,0
128163.01748978703,0.6299808403475345,-0.8692523552159166,-0.3429651661566541,0.3830821570448189,-0.8047593466187392,-1.1464003067177844,0.46577331849082326,1.867224204312315,1.2432343304794637,0.7071861850500949,0.9791854355897333,0.6377194971819162,0.4499002294093929,0.8986178395986469,-1.3683630920540222,0.19948529944291313,-0.08094820624384338,0.07890283114456365,-0.4613722147467896,0.5204878447742322,-0.817928009687607,-0.5338549293920343,-0.6538799136521003,0.8639466372698691,-0.011723503209193423,-0.460832339796763,-0.3734296950161807,0.0038806166804070605,6.976882210389451,0
118894.27226240946,-1.151868384586774,-0.7150218680302427,-1.0285765255061254,-2.2481428867921633,1.2613181018500463,-0.32782352634269685,-0.33849396429229733,1.4961022334255598,-0.4759886023863676,-0.8404709356859309,-0.2247456205149846,-1.1326690518768963,0.3443557692879563,-0.37366207826417036,-0.5072714105938124,-0.5939031720203022,-0.10622149384201134,0.0834811255198509,-0.5199750884075218,-0.3587659360951468,-0.08152282681934891,-0.18241813553953884,0.031075966875013874,-0.6766708032480138,1.0045929091264905,0.09682817740951716,-0.5038467528248772,0.34438421737853486,31.296357613051537,0
40886.170451857266,-2.704391631602775,-0.6298845523638104,-0.48827384245154465,0.6333268260712385,0.02263085267686914,-1.4055630538562867,-0.9849931258170151,0.1986800095474069,-0.07906734186455629,-0.5791241096357465,-0.48083378951197936,0.696167997159289,-0.5176925728692147,-0.08809124402907328,2.169936588080543,-1.423682636883923,-1.8518427315746586,0.7835896647986067,-0.6786430612941032,-0.31823752774262026,-0.7811563781311142,-0.2598001407675125,1.5985381120963413,0.8021284586181193,0.8622235118869771,-1.4162270557926455,-1.1511537365528692,-2.839078659485427,29.285487722329698,0
52006.980032344225,0.5720062783004729,-0.7047284356108838,-1.5375847964491753,-0.1449045790814313,-0.44594371386116016,0.11314045705302281,-0.3631166611555665,-2.00745686074501,-0.3883469383011584,-0.30561911106831297,0.6336610247740587,-0.6981996746110497,1.6786746733725662,-1.911640550651757,1.3111674978026244,-0.2243189708781048,0.8595848723435562,0.0798014840587331,1.1395555360254692,-0.38736196455281124,-1.0986204251778122,1.4205042872710631,-0.11348064588214118,0.2215584736242106,1.2347519140447951,-1.031955242094435,0.5954908976392573,-0.5898947564628909,62.0148585550013,0
34160.884378183444,-1.6833446945728323,-0.31520292616347895,-0.23815293504385798,0.5841314848188115,0.6138663461407804,-0.7445605403930292,-0.414372661705184,0.44510425483270666,-0.7989206559187648,1.206118434774283,0.609175233440241,0.1715095481948434,0.3909405982809195,-0.4668906169407998,-0.6262914221876187,-0.42472221613872096,0.4999666922598495,0.20101498070865345,-0.42271445969271,0.7495817433076553,-0.17394642233615382,-0.693310745589168,0.2543415092985207,-1.0130295116228378,-1.6872237499357012,-0.005104575565263934,-0.6574137937108836,-0.25415435266984954,47.87833196962121,0
2.0104857272691845,-2.5583683832571023,-0.73151340389633,-1.0231955113182944,-1.0299346709057469,-0.7490314709550956,1.21737356975163,0.8205554190063729,-0.2517306819925051,1.1336234718590492,-1.062297155166374,-1.1982833857471582,0.8635966592465905,0.579643229322647,-0.46026340158332313,-1.1354608936981305,1.4597318750379402,-1.7201025509478183,-0.5984259353435604,0.22857652751789734,1.8021648084314457,0.3831002120732203,0.4803046530132987,-0.5693837001481272,0.5684802252745983,0.1053093208790869,-1.5884645404175581,0.7929348534931071,0.9703933898468512,40.05433071510857,0
69902.33222716468,-0.5358014630522978,-1.7073579575929467,-1.1165244399486591,1.2358116200069387,-0.15589817793666752,-0.5482872964906009,0.1600182258527877,0.501782736167545,1.1173988159024608,1.4484992298929262,-0.35976864578908574,-1.3260476860820383,-0.413465161123276,0.26028050658288615,-0.9637589262106109,-0.9571509148950429,0.34378788154988543,-0.04865235157045115,0.03279699541158651,-0.7584953347000695,-0.23040071420576733,-0.9242331442683044,0.8901984111247868,1.0352493347237526,-1.8461878622380938,-0.92951086019241,-1.496529255090079,-0.6500239344068982,8.427995573665358,0
9742.784345838416,0.3735008686278847,-2.5268528792001264,2.258130262747582,1.373823198592076,1.7224415164586466,-1.6467247289710027,3.796126907155463,2.927798693233298,-1.335054026452781,1.17568215388452,1.268775907169456,-1.603320617897893,0.8414607662222438,1.250323845804818,-0.15910730798698758,1.6490998243062673,-1.750116088147037,-1.543707375739573,0.41391687470650285,0.28046233356672606,-0.6098881861089261,1.221513323166263,0.8870731770591392,1.279766885120819,0.10223627757727888,0.973096321574009,-0.28478036363599346,2.7145824281039146,15.208394403551024,1
97980.40989849619,0.35555062967435275,-1.684785394820462,-0.9337222527402227,1.046920127650012,0.5699503053413824,0.7214662737850742,0.6353969322148971,1.289756528375374,-0.26139992495512276,0.12049995878930102,-1.028674333129084,-1.278022583436376,-1.6437407155880577,-0.8851634989998477,1.552561815489642,-1.5527270678160376,-0.30353598557719785,-1.2931453236461579,-0.600973963003361,0.1696937923520195,-0.7001158732050082,1.0896648650164613,1.5339781208495669,-2.249095728055939,-0.6829923303511227,0.059142122272422416,1.1261170260153806,-0.4542442751532624,35.31836161940391,0
50883.68324884337,-0.03095825063657335,-0.3357150728865708,1.3460442074647172,2.155239538433073,0.6722572844137722,-0.6228545031012834,-0.4181430340092719,-1.2884473797573248,0.10081742225405217,-1.6295929859763272,0.5518636553095008,2.0055740456399533,0.7175915797930499,-0.4691477201949346,0.5269374126317904,1.620533445165877,1.5704946352611389,-1.0037578915633707,0.5102963895823233,-0.1581014900701986,0.8065932479136867,0.38361395381677077,-2.3697214094844474,-0.34801308629683886,0.1985583628962918,-1.4343649671588456,0.5810220098659856,-1.5240152417270303,53.081193289432264,0
73866.21606720387,0.7641052963280948,-0.5013692716678184,-1.4180599219689365,-0.8332949582424903,-0.6382769656971474,0.10940759902005842,0.07575934319837979,1.3414319753737025,-0.6927548576980426,-1.5081878543539287,-1.156978475142292,-0.02302485444650096,-0.7286780669457907,-0.2920085455130258,-0.4540335803194438,0.9902384537051827,-0.5869656870923221,-0.3773420769478101,0.7172835811587757,-0.564981911032076,0.42321237445701776,0.3314852620217588,0.1417658589610795,-1.1343963827064898,1.229774224521937,2.220683796583114,0.008828138267394708,-1.0463548733703751,72.98552465189596,0
39317.85393462086,-0.5341554748697687,-0.2138499390773117,-0.5126493185786679,0.714410834791769,0.6824424590858333,-0.8427741046189878,3.3160354343583105,-0.9260747622087369,-1.6913607365784045,0.706933685638062,0.28788115944620307,0.6355497649088656,-2.6344023213206365,1.920947129779681,2.602654759185805,-1.550571858995602,-1.5245325486155428,2.256719084917033,-0.6348558841975502,-0.7510218184791484,-2.4692625129791392,-0.17093384672186496,-0.02326353780290341,1.1085917161233823,-1.4288941138213704,-1.5743441506887315,0.7911551617317722,1.4580760854724777,37.24730288167121,1
85687.32702161159,-0.5176112990361714,0.2237879516388985,-0.016422896072752075,1.188393273448084,2.5269324258736217,-0.5308687729203206,-0.48943944251822213,1.044160877069072,0.6818914896263114,1.8467073257360336,0.5839281853259639,-0.35929209078705954,0.5906548306923093,1.1087035805829077,0.820482181197364,0.5072740311072977,1.066674689589154,1.1692955904456728,1.3821589910375272,0.6487098875896427,-0.16711808031685435,0.14671368643332283,1.2065089665083568,-0.8169356709872361,0.3686733088729012,-0.3933388123273607,0.028744822934817487,1.2784518626072987,7.7625912979004195,0
65135.99740462403,-1.8707919210258557,-0.35151348404130867,0.0184183791895517,1.6764373122752827,0.32692737376416264,-0.21910052880886424,0.8294055811834892,-2.211135309007885,0.23561455810856594,0.7708651938869668,-1.4785862457798415,1.143754043206929,0.3384964074944141,-0.4152879139008013,0.6327818661062848,2.270692857804396,0.18186625505849516,0.24822058630033608,-0.4593608995402441,-0.8498443694647918,0.8303358165442456,-0.8560838259088672,0.07156623721939247,-0.4776574467651167,0.47897982574639186,0.3336621052869483,1.0375399442578992,-0.510016398854747,73.77739863638135,0
79125.17099795795,0.9976320769202445,-0.2867942357382693,0.7595148874861078,-0.29175863225853715,-0.059826143529903696,0.4935602043342916,0.2908970575900059,-1.9955317804517385,-1.1212437400943918,0.9294099847908155,-0.13213658890154725,-0.5237313027714218,-1.3585740152574743,-1.0797363212758484,-2.0217986399619474,-0.10128071870153288,-0.5984375805810469,-0.9665878909853152,-0.0681234251679531,0.3639706308527381,2.0931979322099448,-1.5118834195632136,1.159381043300522,0.973101561015072,-0.7790927393767005,0.20323595458603103,-0.45763324933761523,0.18568858041873892,15.836049544749217,0
43765.46787272517,0.1320209226175572,0.36144203694732535,0.33834666692159093,-2.0858158589232887,-0.18686959685039925,-0.23891284198402865,1.4301556365598782,0.33372786356187306,-0.2976109621166948,-0.09012474099101125,1.0233855816274011,-0.1845846632453155,-0.6981955330916091,-0.2757021929208664,0.9406961438226822,0.4961649055979363,0.04426797334911382,0.19153929944483014,-0.559742473595482,-0.19394940044265363,-0.6633043217745173,-0.29477928429974354,1.3461782636266248,-1.07787181137719,-0.688717666422915,-1.2542988629357519,-1.4709087571875983,-0.18677191419529146,69.72075684045114,0
74782.9124942663,0.17255019180419026,1.2024777476530082,0.3171469847104752,-0.045861259369021544,-0.8312707739523109,1.0951604117202318,0.43350549994684245,-0.7067297635192396,0.8986484586849005,0.559577061510467,-0.8135303493662359,-0.10137825626420019,-0.4927727282429369,2.633537940031605,0.5317448831256588,0.18676205484824018,0.4726630560767134,1.3791625881974978,-0.08338014443846556,-0.5899092978657563,0.8442832280974177,-0.17494456600131203,-1.0698953290805033,-1.2646864317560584,1.5292965508395333,0.13164456691928453,-0.5895673839924012,-0.23433491104206355,9.42793014158403,0
135276.24118809443,0.392634115650968,0.45358552350921844,-1.5822231667464777,0.05022769916568044,0.4795075480016086,0.7289411945704503,-0.6923507742337942,-0.659039274888645,-0.5741006752835983,0.5364138998913434,1.0338810549242086,-0.4074601072916016,0.9079623136270489,0.12347980916459421,-0.12428577716243629,-0.21138422981796898,0.7466113646021572,0.3255778167870701,2.2758254276476375,-0.8522246429973241,0.5181017020299757,-0.5292010098115129,-0.8692869869886438,-0.010867137034972144,0.13735247940703602,2.9181735550600925,-0.18414581568320207,-1.1301787294846835,23.055780546217985,0
60343.4144930678,0.5219415656168976,0.29698467323318606,0.25049285034587654,0.3464482094969757,-0.6800247215784908,0.23225369716100355,0.29307247329868125,-0.7143514180263678,1.8657745111447566,0.4738329209117875,-1.1913034972026486,0.6565536086338297,-0.9746816702273214,0.787084603742452,1.158595579007404,-0.8206823183517105,0.9633761292443218,0.4127809269364983,0.82206015999449,1.8967929826539474,-0.2453881160028705,-0.7537361643574896,-0.8895144296255233,-0.8158102849654383,-0.0771017094141042,0.3411519748166439,0.27669079933001905,0.8271832490360238,66.07082390278393,0
88541.47942250801,-1.4896374214361092,1.4555808184893537,0.8074618356124449,-0.10648788318054717,-0.45379248516408377,-0.5739300079673577,1.0932371075822098,1.9044335081747408,-0.6053929239275391,1.1384155206557094,0.028012915358889258,-0.21242892991046652,1.5042142828299232,-0.01016572074277691,0.2963644392546358,0.2482739329114458,-1.6255993666594517,0.2884111487160616,-0.5626920244402328,-1.4211531401456212,-0.5171370804487624,-0.5253888696369459,1.029882539130331,-1.0637896161020317,-0.7898474390492546,0.23538826054801248,-1.3257937713542476,-0.6590067582323337,5.850355426443113,0
723.5902589111191,1.1535903433169254,1.3863493972628433,-0.3021805869826214,-2.6031370878272986,-0.3613105619672905,-0.06418416128881928,-1.0105982199289134,-0.5152183938082427,1.5301951988633513,0.664927162301741,-0.9245641143780999,-1.5975991695954321,-0.3270173176097711,-0.21345677935043825,0.4961991873633163,-0.535316712567659,0.5114995753618614,1.9351540400602292,0.8155010224442626,-0.048088507330772585,-0.18315047105329468,-0.35667313417987123,1.1806409124521446,-0.6273134459513029,0.04522270899998256,0.05119790188108534,-0.501784192811532,-1.3724655478841008,22.244057988450027,0
79430.08960557987,-2.211861911329507,1.5334337012963255,-1.423957152450145,-0.2666523292344148,-0.42924442029866183,0.5885532697707198,-1.5981243518837476,0.46217266608194285,2.0243096232868525,-1.3631740045928105,0.18970616761039566,-0.6619821777966091,0.42588720619303577,0.01914777741575206,-0.6414869090443096,0.487872284871074,1.804348109786743,-0.19090379172729868,0.7197579421481819,-1.2932729578711637,-0.9564363768180087,0.47240627788037737,1.484116028535965,0.35561334878566,-0.31305803052315434,-0.0007085945766459172,-1.2504077339697175,0.6045153263553668,10.830469269657168,0
167934.86806904373,0.11232116546981238,1.1461782607048603,-0.09798644672069134,-0.9512693931383018,-0.6038901156557858,-0.39294200180640454,-0.7210500295229891,-0.15281111706735942,1.5082474031850017,-0.5973647655374826,-0.48767397427899917,0.45978058405031313,-0.17482036396387599,-1.3291851333448825,-0.06118843777902161,-0.0988914323969255,0.9756783454381532,-0.9721523982026613,0.9823194827554433,-0.09783081209994353,-1.1079416709149958,-1.3087783120769287,1.9343885279085298,-0.1599160228354403,0.9365041167304881,-1.7081193946081297,2.6376948879639013,0.8932446283671284,3.120676686881857,0
54872.58820451128,0.5334008512375619,-0.9626870321079533,-0.9809871983289186,0.9912586581920886,1.0383776547651489,-1.0883194870290538,-1.2793704958528451,-0.1085929707124442,-0.7993484533760062,-0.8201768790460255,-1.2513782464273926,-0.46843384828036677,-1.154694742632866,-1.0954009030092366,0.2983918465663045,-0.05519823428737651,0.4848786815321318,-1.6490334353493064,0.009880609829763149,2.075637542165838,-0.3722724842855991,0.8247490065722979,0.8160068487744233,0.8651986080012756,0.16666168705732284,0.5660859827442142,0.6990136200130055,0.6354460283143577,27.975850245383818,0
161400.90086737447,1.1907461160252475,0.4833248272528027,1.0611942762765827,0.03249986288786191,0.8055938349951759,0.07541774261246036,-1.0249280665857678,0.24672138869860635,-0.9952966937905094,2.3391289515689104,-0.33408815877533443,0.6450378554489973,-0.012413219525594604,-1.2336134240359058,-1.8985230300645715,0.749013955074131,1.5493409267710596,-0.7348037072103585,-1.6566925195595903,-0.32516273242162486,-0.9371170452387332,-0.6503156798620929,0.6103736997252851,-0.050463047402838246,-0.8295075588820175,0.588500786261195,0.6668723450757911,-0.3370574860446252,40.695948787732576,0
79198.31714473304,-0.26170506767822693,0.8291298273361137,-0.02733193410609337,-0.6561959548884432,-0.7328928857272259,-0.06957820892122617,0.8899875622171,1.5910193057751172,-0.20576859802966765,-0.044743180762598096,-1.213941706157383,1.9391925690994662,-1.401002838156084,1.1716623117805505,-0.3653359530124707,-0.599366493840319,-1.1100035718859267,2.4100486494071336,0.2214916232783944,0.02128043710406337,0.8867323595545424,-0.6508327256299632,0.0018459552310057436,0.056336286812120925,-0.5121457323481332,1.199638079185914,-0.21865441149590414,-1.5531320533688295,9.830138184918892,0
122642.56825361631,0.008783654898147817,-0.2376833169609843,0.07660907045165961,-0.5117635579423034,-2.1047495057190146,2.042177910534731,0.15532499919940146,0.3981472651225371,-0.05790774987690872,-0.735116800724588,-0.18592448094877073,-1.5993947621943112,2.2770864980533045,-1.234511998422396,-1.0319662838471795,-0.4402592043864004,1.2880757248523775,0.014508999262654136,-1.2361357960304624,1.2543383607573395,0.7310006267854814,0.5384349572164524,0.7157342411708404,2.394361900582451,2.185094895036112,-0.6867153430032953,1.6238849928111523,0.3831681897589003,26.704318092042314,0
8573.363712951112,-0.5698329282387588,0.32950873557300914,-1.5171736966716791,0.7505791675217656,-0.41619440488525394,-1.1300693390403578,-0.4500128579958137,1.2571492168625729,-0.5353350870162231,0.35845361820962024,-0.7309562757154733,0.7579218499236196,0.6855077387902041,1.8486088332964115,-0.1755639454992155,0.6686548047579066,0.09806753953894455,1.2958717818630143,-0.7188323876087304,0.7450053128772811,-0.19469729611668168,-0.06418817710849775,0.09175248444837286,0.2522403964266774,-0.11622904312195817,0.21471318317052634,1.5781180575621845,0.9854496856152184,14.857468029969697,0
77051.98766190211,-1.448013900416244,-2.198805956620082,0.4400144500533324,-0.5020542243526112,-1.0212328171307132,0.7083564472993533,0.24380071377119883,-0.5640786307367284,-1.2803043986708944,0.8724573282801447,0.650201177958661,-0.09917586377938291,1.8466369960476658,-1.0700847663261526,-1.5255251709247388,-0.6919080698812444,-0.045586016355497805,0.24333944932269183,-0.24123605785632987,0.3520553965142968,-1.251539424190444,1.4437646040732595,-0.0821511783925688,1.1172958315881276,0.34272534637770413,0.4567532191537839,0.5697672802322039,0.44770856001731496,59.14955104715682,0
166263.41637640086,-0.8441369135177398,-0.34320123663116797,0.4576764544288389,0.06965266451887907,0.9835043063584651,0.4736273877275646,0.05435057793857113,2.2757612975672035,0.4062266850499283,-0.43194220160837227,1.85996700648693,1.2004115484133984,1.816087790243815,-0.11093193562951016,0.9763091264811027,-1.4528494590723608,0.7840064109141683,-0.1577239582541034,-1.3550579555179323,1.0326004040179766,-1.810131324996016,-1.912706517064219,0.36247645880530205,0.571347510326788,0.9705238200132107,0.7419630165294652,1.476658625429629,0.700242953362419,4.732199133430408,0
36402.426260179185,1.4765403497258958,1.3800913541474515,-0.6255627015095294,0.39580353343740904,0.4940301862827388,0.2606737658239071,-0.5503051538454201,-0.6716233679380516,-0.025554070991445278,1.1727290192593647,0.5436001545944323,-0.37061433208610595,0.7716987106483447,-2.8485426206300755,1.1487657003721035,-1.7397137787780996,-0.36244094140313216,-1.1196698946261439,-1.2946814757209058,1.1608267873785194,-0.46770120131189136,0.3465038817307158,-0.04692057887918407,0.47704082722312147,0.07682189106025536,-1.2829922241885696,0.99626681944714,-0.4937565831613125,24.02931646864139,0
98545.58301278428,0.678946987762233,-0.81240234893742,-0.049029340838036735,-0.16036008104483077,0.33085130461557777,1.451001438131336,0.8794170411374032,-1.0773760769847582,1.3764964500195378,0.3131321400131553,0.6870657958589163,1.466540859278603,-1.1115802495135512,-0.035825578706462934,-0.531454551359215,-1.5678594253654559,0.3467099776049199,2.5115565515844236,-1.8400777445057528,-0.032280611049470324,0.6405429350747734,0.12307820165618115,-0.1131280525157404,-1.2992163634458243,0.23278674294016363,-0.7567639770159263,-2.1899217049785533,1.1945922205137307,5.1643969124921565,0
152077.66633061998,2.11785594962589,-1.172603256861316,-1.2334681012801056,0.6949979007768748,1.9465428375147655,-0.2604985619387227,1.7268338422187606,0.09643371879348994,-0.6808872820390818,-0.9906923886377034,0.6294135848867876,-0.9149590677826966,0.0812768427670279,1.5834650253840938,-0.3067803928713705,1.3140094746438993,-1.2145434897264067,-0.5339091013167999,-1.4071440262149164,0.07299675597335759,0.7800781797165829,0.07518708760618616,1.227050059970152,-0.7491792406291301,0.22534275368906728,-0.5274693236138563,0.3616765854236551,0.5037360462124257,31.900648392920154,0
82262.59813170347,0.25883521770828055,-1.5242563243985587,-0.3351601051459554,-0.43931885492991185,1.0827078798295098,1.109907207711582,-1.6995486393707309,1.8506628946006873,3.2468981517038245,0.3052076640836091,0.6464867212933078,3.6391967092036555,-1.3327621979630129,0.2741277602429181,0.9419679428131759,1.8641771445428976,0.6816867701521461,-0.34836067494614165,-0.8914212444655474,-0.16018618429536263,-0.9583128331341728,0.30739038374161953,-0.42703541583258386,-1.5428453519477008,1.7561749460498846,-0.34720702811484727,-1.2717641659703751,0.04808903861495015,38.17317927035477,1
135429.96978580084,0.6405335916310338,-1.201303349767834,0.6918811448550872,1.3349032478434442,0.6297498783986742,1.0714113018874913,2.020049106929647,0.9667604626089467,0.3305733926254358,1.633948183523648,1.7547755448465847,1.7687717832594205,-0.4921435151960026,-1.354018358498404,-0.5531921834348867,0.7036416157931751,0.15915894533210567,-0.20648098517684707,0.5604813988049354,-1.4708050816732672,0.1411692986915413,1.118457644847877,0.5493156445582286,0.6918098218337286,1.5973727899525147,-0.06614328487366697,-0.6530916613503364,1.189515042665042,3.2803860015469994,0
130943.78963282729,-1.1548659796745833,0.87362850207453,-0.030402766530498528,0.9268668857519582,2.2042289692956403,-0.7703829387161236,-1.230138243758088,0.19256023453262594,1.1447596114522973,-0.9404602897857572,0.03462473875924609,1.37004366117099,-1.6328778384903724,0.2353179614390995,-0.5401030935987847,0.12415659097130305,0.709784290583688,0.22080850788809125,-1.010222402111855,-0.5012461382334787,1.4265929803244661,0.3289328939240983,0.8403191275848484,0.2502953101830424,0.8091160682419203,-0.3961460899373217,-0.7675116467674356,0.7636977158480469,7.663099646328073,0
72791.66360921564,1.221033695525353,0.5820977034686158,-0.22648409884983192,-0.9594392367234797,-0.372206776071053,1.088748619704186,1.884586305934609,1.543243528272189,-0.4888494217862741,-1.1196174332890112,0.14088624691120394,-1.7684393655628516,0.32316771418478146,-0.14760258629866868,-0.46603650186824225,-1.5947030672667954,0.5136001065697166,-0.5327008396619114,-1.169916835710288,-2.8722622132816493,-0.027514905050636255,1.772251596669744,1.66125921454787,-0.45709625658627184,-0.6022120603617805,0.46877425607502377,-0.9983854391882915,0.30179189981946597,35.75742951653582,0
65122.59692399418,-2.0755880090785332,-0.08606969279089306,-0.15032046027187207,-0.32669621318636405,-1.0425776946705763,-1.17223375343664,0.46436986354657417,-0.5505519317084877,0.31635832153614474,-0.8852486861242225,0.18106274277108234,1.3032780373160637,0.5861658003927833,-0.4124138182164804,0.25719897035592737,-0.24066517453021302,0.007880184694728152,-0.3256110521485036,-0.1643352058853912,0.21209335307417523,-0.9933586995819507,-1.0158788269899783,-1.388542553831211,-1.60027110450371,-1.2172826922204794,0.15946250680412918,-0.8927875154918841,0.5136144642310962,3.8019848703533583,0
58533.054757821745,0.30005682551128954,-0.3551216554904988,0.41482448203587435,-0.3415766322183575,0.8671930619189393,-0.9397025982521517,1.157553191675312,-0.028802694674421554,-1.3285025290151236,0.6802154559028234,-0.19884974351765108,-1.7078379261395442,0.3324680837588702,1.0065957152776999,1.282135740360131,-0.3783518825997664,0.14531805532573783,0.05053634279291149,1.4898026315713533,-0.8104885823733168,-0.46465945220454163,-0.8347203094498064,-1.449150523112887,0.24778718105208195,1.6012983317775875,-0.19848445851506097,-0.8818966215431343,0.18685970223206844,5.008432492372506,0
29032.8550983124,0.6337768809320985,0.41379909745149823,-0.1852876588777083,-0.12982069973342616,0.0438114719791096,-0.14700200162848862,0.9638791167949097,2.2105230015913513,-0.5574917850078336,-1.3698029795790778,-0.08828204835125482,2.5797093376543185,-0.8036745679697308,1.6391168054440675,1.6777008140764407,-0.5535882417079946,0.5689830791852754,1.628396623128538,-0.3791277409874871,-0.20358036010236177,-0.5816809139486437,-1.0147567306928669,-0.6492775450660071,-1.2239402667622565,0.03408346825922607,-0.7699732310586418,0.2337859117907477,-1.5558956462036273,5.825116830057618,0
70791.47181374731,1.0779017394533252,-0.5540552934127837,1.5991566845286143,1.2010147611718904,0.2829461845074849,0.33972385937475696,0.2820026250168557,0.15971772868210007,-0.36624169747817953,-0.25018783320716287,-1.069960156592582,-2.21004278929018,1.1040706092820498,0.15725843678529833,0.006211355621786128,0.3984491228578794,-0.828397454793649,-1.001062213384433,-0.28368469367815263,1.3680984817638127,-1.1687410284931263,-2.627065356808166,-0.5214010918187526,1.142699916235183,-1.7325440243543537,-1.1802836038228717,0.2635467405781687,2.569907035475335,11.051615704278435,0
76383.37513689815,-0.5258796758952039,0.17775010626803134,0.4004813865063287,0.13106518621584873,-0.07744346072599365,-1.1952937635992447,1.4509275482792119,1.8071966436378852,-1.6826586941226858,-1.0240285908863795,-0.2798103423770061,-0.9645377949101913,0.5059655534558652,-0.7282722024066131,2.1650560678066024,1.190548594343596,0.2125740306322149,1.0269862633197322,1.105900424357309,-0.5639474880582432,-0.8162172445419648,0.07814306296964744,0.861636124497944,0.13906039865341766,-1.5769964821909972,-0.8028244439508423,-0.07397286359437803,-0.07566560432583026,6.5680774214978515,0
31990.970103313477,0.11960566888706947,0.8166985177135699,0.6186619597099322,1.286268613404601,1.0622098509137117,-0.4537443085364418,0.6329416337934651,-1.5265518616977465,-0.057904907337784896,0.8184847346385397,0.13384765424599987,0.4466397315170858,-0.21327237596579143,1.1290694375351427,-0.08041577370899264,-0.46545018240405345,0.8865174125690543,-1.40515992236446,0.501033343517345,-1.0424848742271386,1.2779268292381651,-0.26102725324679543,0.13498472081968857,0.4125703966441225,-1.9296845963141573,-0.6505848415568568,1.0435459092865536,0.8677650241708884,58.23978300621706,0
1270.606099004982,1.0703651602299298,1.2718924219386565,-0.1108125602790875,-0.3882430535215389,-0.05592044852221312,0.3379575282321183,0.8913036868697555,0.004229858994151577,0.6188862980231536,1.638359732270941,0.38130961226478466,0.3116528560047783,-1.5189108250900678,-2.6307301368290634,0.38837572923016833,-0.09482423128087224,-0.514782674914742,0.24353020418634463,-0.06040372919690829,1.1277802506338985,0.0861108682589779,-0.7469232850701676,0.990166238959289,-0.21713107494620248,0.5265366836723071,-0.47741070619280046,-0.6498268854974364,0.08416823018569615,1.4613037845095644,0
69036.84597662234,0.5063669775262545,0.17721878507168543,-0.9120541021539065,-1.0280964078219301,-0.09711820107514263,0.14891007584637195,-0.679440922931713,0.4233419486085754,2.0807659040391893,-1.7443307192782576,0.5822444775637607,-0.0659746208908102,0.4506555553346548,-0.4307147004602912,-0.146059885047167,0.1295004510080991,-0.3016338835352606,-1.5205413173698987,-0.23391503064445315,-1.416433628196194,0.6531931105803095,-1.8655451010781223,1.0286543794558898,0.42956300020347943,0.4333886157338947,-2.1643098678478396,-0.3285994380915563,1.1535634286598602,32.031385980388954,0
150830.10804654684,1.7611881248673737,-0.0003136726117747121,-1.1818741254208012,0.44947391283230687,2.0860470495371137,-1.0147594931858521,-0.36146276669398575,0.41644603810145264,-0.05390484900573916,-0.9823035803773146,1.1218578562304709,2.3200407220172594,0.19613145902390733,-0.9040682897360003,-1.548960525053475,0.2579759812211809,1.1038773433162576,0.4751677464953816,-0.002403840918853844,-0.5892716517893062,-1.0921636327180897,0.8347513263248821,0.9137716213855857,-1.5457297866907331,1.5898389781806839,0.5740712208940013,1.3995946451457935,-1.342127748485115,45.591820785418065,0
53737.74519246643,-0.8982079394556782,0.8347954192304283,0.2965613843289707,-1.037829876515482,-0.07580374502818543,0.9729635337557875,0.7955954638959417,1.4954342528834736,0.3381812519933197,3.372296253626673,-0.9203908050673758,-0.39863839001520124,-0.060864087474746136,-1.4187504585914028,1.042491617339421,0.9035324906258424,0.019000331062149763,-0.5344164536735052,-1.495053870814336,-0.7892583286979201,0.7437112837712267,-0.21216142171162652,-0.42686879403972283,0.5014483315248052,1.1581866529320277,0.25711687005627937,0.3145128958631717,1.3718621335497765,65.34731447278295,0
17714.758590686786,1.9956674897839644,3.109918556005361,0.6067230591361827,-0.18319661872038787,0.5345056484805503,0.8876554258738361,-0.3206676255571917,1.7952113559123222,0.23007075919140207,0.49774308909139425,0.6659242520544614,0.4215866106144557,0.8389405004696122,-0.6172531865469232,-0.5583017539460305,-1.100154232971695,0.4395012306202264,0.7789365035121141,0.4577728661518858,1.6744924333475373,-0.005596018829046555,0.6687416555925126,-1.0917008761393143,-0.387099702474401,0.6955377575657775,0.849102110743144,-0.29396694766418224,-0.07159925185806683,44.85185953373679,0
79392.40158055449,0.20709386223295154,1.1423264545383518,-1.1208223655203873,-1.5991364864470128,-0.4067230830465839,-0.08834265900909503,0.9213496029864963,1.4105680050051588,1.2144791339073469,0.27654366689266663,0.799499253504148,-0.6404934347691842,0.1683951924752465,-1.1912901392878061,0.0626853968868732,0.0886466973980125,1.7221286056849698,-0.22898286149024658,0.09004283765328626,0.23696141571204274,-0.4548203158884532,-0.8024927332116473,1.298811324847052,-0.9809174429602977,-1.3279180716872732,0.6802653792954804,1.1578148420240095,-0.451409657600639,26.706043619223877,0
14825.252430631783,-0.6546345364291537,0.7091842617729899,1.599919054363889,-1.0015188983756462,0.7413262367707028,-0.08200612606297447,0.49637380510641693,0.8007928020091492,0.024157073472614643,0.12569577591306327,0.5233658843594,1.4143794421459377,0.7525119521529958,0.5147002452848329,-0.03681654491046049,-0.204295691855785,1.328402992407009,0.29523588774870746,1.0414377635069658,2.3698141603931604,1.4963272830505798,0.3617900052396908,-0.3631870042348725,-2.8142595152670777,0.047938093032576984,-0.141214994980219,0.7184394332744508,0.06531372763037491,77.33018627389954,1
32903.45211310448,-0.28755360613997005,-1.207767363066372,-2.3999369314739023,1.668782500772365,0.4130313088979882,0.1869939177536174,0.3981605532325539,0.3016490450204652,1.4774097658609169,0.021464576884939884,0.4632082720109859,-0.08735058186570355,0.9452161117081309,1.9444322542518993,-0.024908281026638113,0.36872054443466046,0.6560289303231515,-0.9410936080745875,0.27450060065550175,-1.508808628810514,-1.8728603644872783,0.6900956894707084,-0.21064968959693936,0.492736489145463,0.22852602758997995,-0.9216800583965568,0.19569483764279622,-1.2297215660178262,20.699085706812845,1
96228.59498013816,-1.5859833122379583,-1.879924385139045,1.8709651753717822,0.38961417737090387,-0.8682927318763665,0.5346290861224353,-2.6357477390168778,0.003375506597160999,0.32782117284308526,0.9242701395378298,-1.0138959522925377,0.08568716140335904,-0.9254246260595873,0.2553837556743171,-0.8953463223630241,-0.4081008391602206,-0.9958153947902291,0.651136241823657,0.8584511166566653,-0.2346205699574138,0.03823799496002834,-1.4485914146335441,-0.29967664800678706,-0.05020461704174478,2.620793091029975,-1.1119670257741636,1.4641772387524374,0.996858773465808,31.344407565986327,0
143759.4984036954,-1.690671627606452,-0.9784995458666064,2.7552177437199017,-0.30561061415380336,0.7309589763762161,-0.6506598273683837,-2.0903028988531567,-0.1702582467959055,-0.2656045602861052,-0.39987823866837147,-0.11464083550639245,0.26426827164563654,-0.15011695125380659,-1.2640061679473638,0.4861847915619389,-1.9493717553224232,-2.0503574572842003,0.7391804947015679,0.5070202721353568,-0.05739536507403601,-1.395448504755072,-0.7079109406740753,-0.262746747686504,-1.5958939685741134,-0.7390286580232329,0.6523303381766798,1.4273053642892164,-0.4194347526585506,19.418674741675773,0
74457.36408876006,-1.3919963371880102,-0.8383874911178852,0.520664420534209,0.8470790099850345,1.2225009148868804,1.214509285305348,-0.08952261024790559,0.36265562225116893,1.2987385039437964,-0.30330846193594846,0.37972618694012367,-0.3268807796796516,-0.5509481144654271,0.04838511828580344,-0.6875434513395914,-0.13091597276974928,-1.0349548645321327,-0.18999438718237946,0.4483902936158614,-0.5887635362067958,0.009291752530912675,0.13934259362126433,0.4525348918213347,-0.1335798413052158,1.0858663418678058,-2.100918861451918,2.9377528471677734,-0.8711337640375167,38.43329766337675,0
97761.13457203802,0.41799249116372145,-0.40216772870425177,-0.20187994578921337,2.3260228600285036,-0.1278503984756953,0.05526106339910314,0.9058618525612403,-0.4589937330889713,0.16002488910693846,-2.173287354548962,1.9451321556969359,3.0721262067664656,-0.4124523381956797,0.6986045740020037,1.4600222932368068,1.7862583272609536,-0.06718578648821522,-1.913980704426463,0.5706783410185154,0.40435442878531236,-0.1647996496112033,0.0897854525387912,0.42241653402127743,0.6841143905246204,0.6337716522879013,-0.011222791401354404,0.7111346019831413,-0.09203701792983426,39.86103884234741,1
118642.73705152245,-0.2685306479058323,-0.8911922254152874,-2.151815401329305,-0.7191533192424201,-0.21113023882769444,-0.987179527151184,-0.13125696709230472,0.07685188295876821,-0.22485598180807856,-0.6500025808234597,0.16865467196672768,0.44194064956940904,-1.090399077442846,1.41093237974627,-0.09858813228426173,0.018849622944847662,0.7082144232565571,0.23321613126350166,0.9531366339132451,0.2871241652018242,-0.6124373746404379,0.36150352520610163,-1.1437262073206618,0.10855970577652314,-0.0332299906444608,-0.2081168572725397,-0.12853751143893075,-1.881849045497639,10.861529416546944,0
14748.42264398966,0.1582559809533675,-0.6775662127337071,0.14928656347247762,-0.7825437052344801,0.6742804687467753,-0.11484401948302342,0.1550366235955187,2.569926839690334,-1.1071044546000215,1.388582269040288,-2.6593513570493728,-2.078376654918943,-1.2406400776875708,-1.1775283652749364,0.20370179813884956,0.28984226416846787,-0.2548212683723646,-0.14987796676246168,0.5277647609316608,0.8332238776207417,-1.326539016109759,-0.3618909712330037,-0.06958982291301025,0.4853159965604532,-0.7726671422734709,-0.08922117559367017,0.029983634527157816,-0.7044701034595299,20.099583984397363,0
154471.71064377436,1.0973001875437087,-1.5656480316055963,-3.007632339693757,0.5711794062192087,0.24365722370271442,-1.0902084067994298,-0.9855396007209299,-0.9697437196346744,0.11053531747394013,-0.626315276183007,0.49406391897551966,-2.854626662904391,-0.8568518651277993,-1.1260539609110503,-0.2563406783724922,-0.5380477584901385,0.7978437798957666,-1.8593367716600575,0.045491476330752,0.5583364232117055,1.8566474365619547,-0.4817659710934752,0.32445860435251705,-1.803862792562365,-2.391956204313024,0.8447743757816999,-0.005560293648070566,1.1785126897984228,15.557763676711595,0
56709.41462742735,-1.5193460754768424,-2.832155598110569,-0.4511588584089988,0.5517407999109204,1.2002617497388293,-0.463161362085399,-0.41142660711600243,1.1539007342557472,-1.8697416996954206,-0.38852077518300926,0.19042388992505774,0.44921872128503426,-0.5098066931908826,0.03444101170584135,-2.4883273534129895,-0.6582484123338483,0.4535087125544674,-0.9822940342546795,0.058984221589597374,0.446872500802698,-0.34254920085776497,0.1704637709965709,-0.9627325652846123,-0.20661127969604665,0.6102161695892225,0.15697296096843422,-0.5865312695639355,0.224216404290793,11.957898483121367,0
170495.2961165629,-0.0036025390905684044,-1.1583646891925428,1.5033983017671506,0.8773622905756714,-0.22096417382966393,0.02688583899453078,0.20838280794755248,-2.0417348684242906,-0.24717738252059693,-0.6819842479977986,-1.0016200098949155,-0.2811002928859549,1.7976865268495226,0.6408428612670098,-0.5711789897827968,0.5725827813561586,1.3993554365860021,0.9246336829127688,0.05963036992017413,-0.6469367777055739,0.6982233136135899,0.3934853854217496,0.8951932200277323,0.6351718016819695,1.0495527153193351,-0.535235211560568,1.3173940656343257,0.19759960469239965,13.41952180672638,0
94958.5908655415,0.9751197334177512,-0.14705738150213865,-0.8254971967925115,-0.32138584165299344,0.41293145427562433,-0.5637245528039747,-0.8222203955664315,0.2436872114919123,0.24496657110872277,-0.5069431753711298,-0.4710383056183228,0.2320499373576363,-1.4480843414973241,-1.4074637743765552,-0.718444221252436,-0.21344715171184725,0.3109075655980046,1.475356216949552,0.8576596232020194,-0.1599385299634271,-0.01901620790268883,-1.0025293646378088,-0.01851313599238993,-0.2886586389201383,0.3227185603380895,-0.827230943552323,0.5193465142411723,1.5327389130025777,19.90922025361994,0
140012.77775338717,0.599208234956577,0.6263684408893841,1.0492414880678318,2.5374398649008354,2.374846780880559,-1.8117649884512428,-0.8809763925555026,1.044644000735425,-1.0767506020573283,-1.4979055679112363,3.3995217420464794,-1.6939305579971446,-0.1715264445327746,0.17875905852231466,2.7416383786214267,-1.9925636699389648,0.7485701818074988,-0.8184524699120934,1.0031334551109405,-0.8381692712322311,2.136767507422933,-0.8311640221115062,-2.7043756470679,-0.6966190996895613,-0.06356013268267396,1.5488246477947705,-1.2600977966779048,-1.2363753525368908,5.132289355531379,1
86221.66076135304,0.21060083929764178,-0.4884760801103597,1.592669998282884,0.01934407081175429,-1.1889634195349619,-0.0498801541281177,-1.0461210850625042,0.4734074157124664,0.29094736433948537,0.9578396311082676,-0.7908817916945654,0.0340080962281468,-1.3650217954266353,0.7014947819247145,0.518871180440122,0.49580502102757085,0.00161903135694112,0.4147728907887909,1.6043391083085963,-0.28509425704201397,0.1386451837100845,-1.0861262991814098,-0.8682609615983323,0.09781329309330739,1.1039335467019071,-0.25628082425157245,-0.23591652931212392,-0.4068852445043747,166.06008978067368,0
137343.39325199684,0.09376543015194676,-1.4064052671815488,-0.034529656094808465,-0.9630156260661265,0.9771800008130732,0.04198006447002293,-0.13727181709781608,-0.1241323888816596,0.7403408179477385,-0.4524622323446692,0.7770497949036079,1.045571168346317,-0.34214171260538123,-0.926046619211478,-0.5129653176356218,0.7101092403639536,0.092478871551097,0.6300749386010076,1.7629374723032283,0.23095372294513286,-0.8089368913903612,1.0574235088623762,0.05136085947963537,0.8724471576604531,1.0661985440977382,-0.9590080964267789,1.3820046041719432,0.9051219599565592,309.33417315704276,0
106421.15891790223,0.08228398927542419,1.0654803750653512,-0.5172884501003722,1.40934744018558,2.2988981236192503,-0.36283856043965906,-0.4455025214007718,1.453384477117701,1.5795721457307124,-0.5228600271532683,-0.42018681709585726,-0.2817846088605072,-1.344450511034277,-0.9186519464841982,-1.0041407667520679,-0.7677975651041284,-0.03468488738678118,0.23421473253652075,1.5505004928140769,-0.998354040738791,0.9843223984765838,-0.21398884422550896,-0.04946370965243295,0.6748194921666038,-1.1227220215622986,0.3824097461840506,0.1664522082130561,0.4924512640081491,26.656478197223137,0
90093.94931066249,0.049802790902832496,0.9362090095799499,0.184810302489739,1.2530889173020765,0.39167061561527167,1.5587980694978887,-0.43874592004829344,0.1443434672966939,0.8266415353898965,-0.5721940702934435,-0.790012802081076,-0.629352099686685,-0.7492156170889224,0.5225619208753273,-1.8348080296345557,-1.555970026317907,1.8627464923572625,-0.7250967209741775,0.20001485117174814,-1.4891464178991283,0.09412426778927614,-0.719006667681404,-1.5630894981604142,1.3369204375647132,1.1825657270608714,-0.10735479071401643,0.9994190326779112,1.90329268772716,19.33389773338561,0
41063.76760188666,1.3840157189326783,1.405205305878188,1.392325753491903,-0.8806408185297693,0.07689494858457142,-0.49343248220332664,0.9231626083419529,1.706604953678462,0.8735894156353792,0.009144345740137364,-0.3655392968325427,0.6490867326291062,-1.2228735366753067,0.5363360323820653,-0.9146909312612774,0.6205482159617352,-0.16093737686306336,-0.38826439897661413,-0.8855123738288486,-0.35674502576819417,0.5561217985339653,1.043860610918658,0.5264481613346957,1.3638865244171052,2.5391627162693324,-0.32449095782889326,-0.20586671709550497,-1.440041447683798,9.008532255682843,0
131504.9456349502,0.32324576290897944,1.2492017674875335,0.4914045670194975,-1.0307175028015232,-0.0497665096490848,0.3749779383397089,-0.7573995168983091,-1.3582711967233527,-0.316097868436527,-0.7408324079677024,-0.014289031389968827,-1.5914046474962884,0.5647010625361558,-0.6346050352933568,0.9957522366813559,-0.27689883979637814,-0.025389046384487156,-0.17303487869691783,-0.6881596901002726,2.47227946227266,-0.4958661780072847,1.0235215224656602,-1.093628946063395,0.37213139109316096,0.47887216393183574,-0.02417697709812966,-0.5710047196395732,-0.26332190261396393,7.811767279631379,0
104240.80903980036,-1.5211299516945793,0.1502886315767741,1.931940374759089,1.2866258101035284,-0.6099846215185434,-0.39631636656841623,-1.1309002924942633,-0.8511631402497059,-1.9102119287864698,-0.08481967465974273,1.5101106799304107,0.35543192409374935,1.3662389899657323,1.0732494009259983,-0.5468080895726282,-0.7595066614064485,-0.7211845568514555,-1.7170619484420488,0.03233023279557462,-2.904464396577087,0.591415509286386,0.07188093571887483,0.47143986649484004,1.0570162829481353,0.19879458833885358,1.6315717376547558,0.62194581095221,-0.7571268468160501,25.641468457522645,0
121230.47789618843,-0.01987363536831157,-0.10726476581094174,1.220282896417717,-1.0766791274710135,-0.7625192391465982,1.0363028920724797,-0.5955349351838592,0.9005330773315916,1.6994359830087096,-0.40179502694163366,0.6813623265753054,-1.1536922813398585,0.7547332980678092,0.1994239859867671,0.4730382821602152,-0.645572072035395,-1.6610834155671725,0.5032520647495048,-2.0634031524794545,-0.3173504922425348,0.9411818664199697,0.19189773587303607,1.9483426447898131,1.0251091525817735,-0.6538983883255765,0.02731337985143867,-0.04737070254443595,-1.5821767633461272,16.96300495020959,0
123503.41442915183,0.22899639245934025,-1.8579014513982872,0.6032475005713938,0.29815846599052565,0.6386601686431024,1.0581183250871502,0.3676198402097109,0.1480894197982762,-0.8810683366612923,-0.712220763649051,1.186734620177331,1.4363354057059785,-0.23811043631205406,0.04600274725327412,-0.9046143749937661,1.1727568452674448,0.6654168236917787,1.9412174364637491,-0.8783230771797389,-0.3780078990182172,0.2314459225255723,0.6464895377257707,-0.21566763754763232,-0.8729610904537004,0.8814075289235711,0.7211353625455816,-0.9162741005637249,1.3554428011054958,15.186876940014697,0
103013.4498422222,0.6832603895033258,-0.13905031978719873,1.205095653450029,-0.44242298924357004,-0.34117458067001094,-0.5665109952314721,-1.1201834386872052,0.8144248986165911,2.1857116646141543,-0.3822272385661518,-0.6804959436750062,-0.7453234837070906,-0.6797332276003801,1.6497836862408017,-0.7184805197598915,-0.5852668008895399,-1.240354252150972,0.2936487738630704,-0.0672295621509868,-1.1371787758025602,-0.8928295973180795,1.5329333705355574,0.0327077562687679,0.10168539544729768,0.10565382502606138,1.3946253882111763,-1.0452143623207104,-0.3963955201764545,8.808493639703231,0
127020.27636931147,0.8767546499523254,0.5517370104650744,-0.7101279579274838,-1.787671611931782,-1.2205701042818544,-0.6692027281812131,1.1619373177467747,1.5528597758393257,-0.43951787547427723,-0.40791535277129576,0.2616230559724664,0.012146509073225323,0.9309340839740791,-0.5231880935871098,0.9491429877809984,-0.23922479786975515,0.8539747110678559,-0.2710404622885425,-0.6130946829083779,1.9123176398399706,1.065227082546918,-1.792045100135215,-0.4467735117899077,1.2049229217785742,-1.196660469213522,0.7706783295231111,0.6670561034697914,-0.6991465780919173,10.700592809978247,0
99740.14042773038,0.7326493607290827,0.8554600086826448,1.2873243901521403,0.47097850370678035,0.8456015144669514,1.840217134841991,-0.7454734920621153,-0.9438507054237175,-1.0945865395529288,-0.2657695864939831,1.4334224198251682,0.5280683677462349,0.4886919527092181,-1.8193079286647236,-0.6931868272364192,-1.8356576328620369,1.1712457893215436,1.5856464928857328,0.7795667272403815,-0.986786045739545,1.4820224936157906,-0.25325491002521017,-1.2144592807526615,-0.9644042546116923,-0.43015663559183687,0.0495785204847066,-0.16134421165179372,-1.4126684181710272,2.830942723163167,0
80556.17894684184,-0.9202385297763772,-2.0254180833204796,0.8089247222790114,-0.37418027599018366,-0.15556569452183558,0.7661960091741071,1.0104138262506557,1.2237103406692909,-1.1748413083829365,1.4258947496245888,-0.5790453361681495,-2.2562499347482268,-1.1784403468600457,0.21802509213256502,-0.9788142460811394,-0.08804446917604382,0.3382524875291783,-0.18138540310928583,-0.49435433785671684,-1.2506960629882262,0.02194380821533224,-2.064957387584735,-0.6859980417194214,-0.927784109060761,-0.23937685150891483,-0.2133297993092693,0.9599566744337453,1.5834772772495995,36.55211374021124,0
53608.657031084986,-1.3441028161824136,-1.1537327907242856,-0.8451286108266001,-1.0996472940492623,-0.10799465016386797,-0.6029649001521598,0.31790838409567507,0.6494304662030627,0.5817789597188892,-0.4101262451847562,0.2844756294644722,1.035128916176733,0.4455645812774899,1.8589776944434202,0.9821789867666879,1.7184070726484615,-2.4923431279300647,0.09667612114023226,-0.32393250095221826,-0.12497973031421516,-0.8049594201041393,0.39619940038417967,-1.8083564324174126,0.40343686287129077,-0.7717112201805404,-0.5003860901204341,0.4385017695657377,0.07877772786633341,20.43921716129808,0
124435.23843138262,-0.857567574146144,-0.5021161798640451,-1.0072498584559615,-0.05106066511498226,-0.24688539656869044,2.145036420768707,0.8946771424381318,0.969548066889097,0.47135249082772884,-0.367317646668518,-0.2753899588180738,-0.18386929981662062,0.18823327270113394,0.38916981022344826,0.0007086276805219297,-0.2905984773431332,-0.5941156304879845,-1.3926487577832536,1.2833791650466513,2.205529568265414,1.199336780928251,-1.2590656259307462,0.7870165696408917,1.0237763016208163,-0.403437698621358,0.48892723963902884,-0.45630303252261956,1.5289289948137401,18.634419490433007,0
64720.53253682424,0.31890218468938336,0.2790412922001377,1.0105152848065264,-0.580878134023515,-0.5251698071781478,-0.5713801657541415,-0.9240828377471049,-2.6125490126936013,0.9503696823969031,0.8164450809513273,-1.523875997615861,-0.4280460641762345,-0.7424068371191724,-0.7033438017074073,-2.1396206560762394,-0.6294749609242508,0.5977204669126083,2.5594880310377928,0.3942330218796011,0.12221916522267956,-0.5154356620924533,-0.6002538501059117,0.9474398210466388,0.2910340012621822,-0.6355597402746394,-1.0215521946755979,-0.16175538639752096,-0.5336488038424868,6.606935178415507,0
91339.35000839003,1.2042242339698244,-0.6735121574027685,0.641253251639031,1.5730875784420724,2.4208800983732917,0.11957474009601707,0.2834012012408835,-1.1477592768429468,0.4180173842507382,0.6015422002226021,0.08776283649521477,0.7937963248726909,0.5298154285538301,1.466134911860517,1.9556572487493662,0.3631351523371352,-0.9936378609585146,-0.7467458966535738,2.364553195694909,0.44858727174707236,2.345384535461269,0.8483257821846758,1.154482764614138,1.376468339485791,-1.217766577291308,0.6183409001350313,-1.234398681634475,-0.0918948174529578,54.760224681891614,1
11626.781112837714,0.41055008532761655,-0.2310694774576803,1.3931812579349059,0.8393491142316022,0.8728243510056346,-0.966156723370417,-0.07938842440570287,-0.3004659487207037,-1.0056013756894657,0.36016418394576694,-0.5376457577798165,0.655403829850237,-1.0701915628943317,1.719040612841821,-0.8963326585920618,0.21930233720043607,0.7918593103880676,-0.5706404302001128,0.8524686434329506,-1.2291835978004162,1.4521176991825604,0.014149264965758293,-0.5964114079688796,-0.2991817724274345,0.8089192693927194,-0.5844552918504382,-0.7493576894227776,-0.22153659758373817,47.06253444955489,0
36632.572651928116,2.1038060921274098,-0.2730197607260194,0.36512541198301046,0.970941331376861,1.6022532256069097,-0.7420061356576401,-0.41796350383864467,1.2745918752935148,0.8100623040526913,1.0751759356684585,-1.3687045435596683,1.5479997539240187,-0.761407543284805,0.19229297814189597,-0.14822287759177039,-0.8784828365480701,-1.412535763421003,-1.7438481166328978,0.1190184060539747,-1.5253190902334557,-1.1338155950868831,-0.2180358781982199,-2.6388085002598998,0.7789797120440013,-2.409888167106808,-0.07737239133277289,0.015019226594289363,0.538061720181809,13.865579539437888,0
53924.666915869166,0.3733485597113982,0.3123782104665717,1.1927351654164144,-1.2578681559088878,0.7313802525749924,0.5904220612514635,-0.1421465369405461,0.33868731792169,1.0294574815983573,0.8723153800284503,-1.1430193120737286,0.8201581867554845,-0.06468860503251848,0.07287409801551539,0.0731969910016945,-0.15024298879825998,1.191707497107065,-0.08371795984921201,-1.1195461283831687,-0.39352985596972884,0.1786947168104756,1.2292147842970504,0.6030946849488336,-0.8505352787470439,2.4851899166788916,0.2647753109779796,1.2753907379990148,-0.15171443357722914,20.67866946440621,0
66616.45713854018,-2.038961277005416,0.18330021210499314,-1.1802929395898938,1.5728146409171813,0.25045240772777744,-0.21915601971306176,1.2277208771391783,-1.0634020065709509,-0.8734096340878084,-1.261454833655109,-0.865039226348993,0.06111560936738784,0.4939518719937205,0.9614216853675427,-1.824724046900739,-0.17186298646329173,-1.1081645311908017,-0.20528709148810095,2.33416358012704,0.29186176200001496,0.8994649711482459,1.9606912721610468,1.1273582431747582,-0.44791447968698456,-1.2758320865699382,-0.030144269520851127,-0.5677057842186854,-1.5245212866191742,34.08842679107581,0
104760.5076433689,0.5296931329054426,-2.525718633602488,0.06395678691093298,-0.37171290329290085,-0.9923132660360943,0.5077576703115002,0.053988418445792954,-1.8024089074942171,-0.6465295211924377,-2.8882712051927246,0.293269314133503,0.28329941844015705,-0.7932818938336734,0.5401127116831267,-1.2824986211215224,-0.966517025934993,0.41719046438256424,-0.6886667549629432,-0.06265695620244455,-0.5636490274263427,-0.41093115629918414,-0.36722421595499294,-0.7067567572181777,0.302449714360124,-0.6279284867539493,0.015686713795602138,-0.7287316813744033,-1.5342986263844585,10.481239714760969,0
138555.51549848903,-2.1782113197314303,-0.5294669635070083,-0.561842099351699,0.4793609534294223,-2.624817056374112,2.549009708717722,0.53102609489421,0.1488768039176911,1.1815677164191463,2.343654052812625,0.8707466445884032,0.94881309647162,0.13069002446438233,-0.14152575336694828,-0.47579544400490115,-0.8261119917145421,-0.6870140996994973,-1.3505559643429832,-0.07587145068502332,-1.6846675772263868,0.1909165241437107,-0.03633060804234174,0.14693529838668778,-0.5221315700199924,3.0768603701805035,1.360115900180313,-1.2445425000847228,0.23286808742689824,36.20213803299711,0
105016.91815506686,0.07396296407356806,-0.5175336509082241,-0.5989243965593357,0.5553768168069081,-0.6228704964232837,-0.49596904632647065,-0.16811489562529364,-0.3733992683765694,-1.1735702070121252,0.795906504847474,1.0485309385076005,0.34361858953521734,-0.3765526510222658,-0.7052107363297812,-0.7036200629264463,2.3573763650327084,0.937838301566644,-0.8401100785833383,0.16469782743714056,-0.36253502509936236,0.5838003761562907,0.5434991027893419,1.083609653905471,-0.8505564586621955,0.10473529863813051,-1.7485469849575264,-1.2573403004288446,0.8841008365591795,4.178864932209259,0
31352.546481804337,0.22228271745828398,0.16047620699884568,-0.9372280488338227,1.397414703060372,-0.07514416681001679,-0.5789632551941708,0.06368839365161598,0.471961333246609,0.1392154086449031,1.2061533956705917,0.38397155254686227,-0.28394181088253484,0.40119221632689,0.49963710112595733,-1.296375919263842,1.1494197282637149,-0.30090401936135913,-0.27532322350543004,0.7513759870759458,0.7471652242595813,-0.7008316788660857,0.8029016181456861,-0.5604481514895242,1.8195730466986555,-0.8281939812657637,0.23947746170589657,-0.7820176369076074,2.222695629135075,127.31018380482601,0
108057.05336812964,0.7099291292005268,1.0728867429928937,0.32543685943381034,-0.28616863668797066,-2.1148662950169905,-0.20902109965135976,0.5334850768245277,-0.31676510593564716,-0.022577941094418186,-0.18561746791792078,-0.3217062178214337,0.07587738995981268,-0.27269458215246056,1.4432895536319423,-2.206418848383733,-0.5458425859710776,-0.8702562235172253,0.21911060003441002,0.07714478588312636,1.6221931015494289,1.9511420482977946,-0.7730834555704812,0.0005000650336295328,0.19630441692435538,-0.797813748337336,0.6283820360376229,-0.2395073687649446,-1.0676348506009778,8.95114620078212,0
24937.121149196806,-0.34516470544979644,0.4892545350763276,0.6863535550145331,-0.8388926740257363,0.06783851391693768,-2.0199273321561364,1.44194500580189,-0.5123742406766936,0.05586393984449697,-0.30964971398806124,1.146027575013415,-2.837506441397379,-0.016610342325908987,-0.10581875749769788,-0.4536363875916828,1.7262265456356325,-0.8873294588557712,0.7717961772356612,0.35625278870608357,1.261519252535516,-0.6671890847775054,-0.732968899123759,1.0960699074773985,0.4253213083301104,-1.5449373466767586,-0.5393050144632704,0.386382653848061,0.8377642215465891,125.41425333000582,0
77429.17220251562,-0.05919857440860258,-1.4646968736939443,1.3148146448442812,-0.007123612208336721,0.1781740847694348,2.768892309627609,-0.5934726757363933,1.7485759140585337,-0.3907319144081885,-0.23351245758489844,2.6381752566205994,-0.1610903772616734,-1.374371404295248,0.28191878812631216,-0.1727368251670042,0.36709584173386034,-0.13359779332776944,2.2155446162047645,0.5567358388359357,-1.074964627725818,0.12454680202385442,-0.7996298241670389,-0.2477138425029538,-0.9104407105668227,2.1071185232060228,-0.6913846151782217,0.6875643519941369,-0.3234794218766272,4.725946839568635,0
61460.24540514321,-0.9758732529773327,1.0536417966078395,-0.949398888831943,2.632382064837391,0.4933179008808892,0.1848361236948739,-0.8583577801812136,0.7003098794089914,-0.5756378262377739,0.12200981464536144,2.5600845382687947,-0.09605989972464987,1.1492733262856758,-0.7031764251258874,-0.0349884904969617,1.77080063563551,-0.6269670577877674,1.8124485579969287,0.7077519354554754,-0.5624667758942676,0.632407739055521,0.9725544496267299,0.6218099622171964,-1.5702247198904564,-0.7271371758248686,-0.24751863555150475,-0.07443342910004629,0.620672097550678,9.039112118342297,0
116103.06609386027,-0.5245202662797737,0.48937456122791806,-1.2221278088919454,0.7129984301723881,-0.24032539815813503,-0.3748208075495975,0.7109599682034915,0.44426331148603976,-0.3609661658190799,1.159329803364248,-1.0810633275998973,0.6159356069442637,0.5931012579683838,-0.3095464393139903,0.326133022242118,-1.251113576385303,0.924027019206901,-0.18490213644298903,-0.5227230205190395,1.0490092258368893,-0.7043436905427592,-1.4084612963635597,-1.5566291735239037,0.6060099513456396,-1.280429352496283,1.7547941819843647,-2.081929407883722,1.6964563682900382,9.695722899310795,0
114129.1678517737,0.08584371429119098,-0.5014695147637398,0.4239390882465509,3.3115587570667158,-2.444804525926995,2.1475263419429855,1.0690543533467494,0.8641347743805929,0.992471005725359,1.1324093850373553,0.19698428568963755,0.6046727221440948,0.5968264607264837,-0.5063393609353367,-1.193734194740442,-1.2130229933182337,0.12491442460235852,-0.694167988275662,-0.691395286867442,2.4091012548234345,1.2806737559918477,-0.052491159091968165,1.0564419347865304,-0.25432232670908084,0.3828681210237958,0.7799543781026992,-0.25112716132625434,-0.5723006570445148,7.3063584883311785,1
80742.70011009646,0.2952799406208684,-0.7764991404930003,0.15712791899094083,0.17618982250269238,-0.6668487169515637,0.1979166673420755,-0.6074722876203072,-0.40436199269002276,-0.6862791357550845,-1.4326712897396527,0.1458364702153839,0.5852994365163381,0.5148835960763722,0.8199252526352343,0.3243402100148682,-0.5327254982169035,0.8396638644311888,-1.357517539841935,-0.9006713825124801,-0.9642000714232447,1.0800560591393102,0.9427885141400756,0.48730523704499484,1.0719298652117972,-0.8792827824119881,0.3485951198609804,-0.12517442838316423,0.8468821038849139,57.62294916791027,0
145117.71763161293,0.5646059258936003,-1.0196643386921156,-0.02355215087423812,-0.17435425790283585,0.22530792204094158,-0.3695269288333586,-0.1314725956716678,0.8260471714415063,-0.43676423723821745,-1.6065771007386793,1.7495839042054206,1.3814540786904865,-1.2922626951056186,0.6897078052451944,-0.5029747705513431,0.26348721533105957,0.2942241290134937,-0.234407800316322,-0.7837656655863965,-0.6905410523162594,-0.9161919154812425,-0.8318222082304447,-0.06717829004935526,-0.7157599891107518,0.6820520657126199,1.4872461553359273,-0.580053241370043,0.23940450053537707,33.032279740005286,0
58967.62461379982,-1.389572466763596,-1.6453987469568918,1.0225704320096403,2.439752406339273,1.3842728185105182,0.5639091200523596,0.594754341665286,0.8534155587803077,0.7589285897867651,0.2811914239693758,0.10420110395187607,-0.06259312789952241,-0.7539645888666763,-0.28067507686677406,-1.6929568141953855,-0.09833962679474989,-0.9885911071509175,-1.103589317215771,0.17989415115347845,1.3920022863445993,0.918316606002313,-1.570500603623177,-0.9896281365703375,0.9407711879882159,-0.9824873935383096,-0.2246331499970246,0.5500520990245519,-0.9683444548636353,19.689088612404404,0
47955.940687133436,0.2809633211650989,1.857928760058249,0.970804852537203,0.08410648788849061,-0.3352072532594187,3.01471170930221,0.6265947999958954,-0.668751713577545,-0.2246229235914776,-0.8774547400031002,-2.4045495258503897,0.3126509912073227,1.7824542165573145,-1.630557202247304,0.055262595879017724,-0.7069047791375971,0.5215025255698525,-0.17233015672456595,-1.360054654417601,-0.9811037139497356,-0.8303005319842076,1.3443182079872078,1.293259276930151,-0.31134788711269756,1.2278034334513466,-0.17318383939617413,-0.3266627584501871,0.057117840551174894,23.21753864934253,0
17002.768270475055,1.185704154662997,0.7189533106650667,0.9960476858058164,-0.7567950885694608,-1.4218106667418438,1.5013336519554867,-0.32267983884213575,-0.25083301645504735,1.328194141849058,0.5562300094006599,0.45588777208160763,2.165002344901084,-0.643518230380143,0.9278401280812372,0.0570131248970845,0.26859227886325693,1.5284684264125317,0.5078357562896237,0.538296079049633,1.0725073373098022,-0.3649527295428853,-0.8392096673390064,-1.0448091940210336,-1.9663565893760018,2.056207129940322,-1.1032083657216831,-0.221253623585772,-0.27681329988892067,12.986969548405984,0
79216.95008991248,1.6411595390915734,1.1294735893439463,0.6816906899038048,-0.4141211679455457,0.8058902285478261,1.223853198573728,0.13682182967129333,-1.1843601723120227,-0.49938429859137107,1.7026964883479363,-0.07474416815016639,-3.324755719911096,-1.4689234636701936,-0.42444870314248145,1.0358252384175684,-0.2731223524069119,1.0544316549732602,-0.5261623535474892,-1.9642925222356131,-0.4915611585980846,0.34494500154628505,0.2619503493413132,-1.2551077492566356,-0.3511962018037653,2.6846742380640736,-1.2332688262968767,0.6607233944637488,-2.0966756985697956,34.53046884925839,0
59136.57068179471,0.10422793912840751,-1.1868812295940714,-0.29840627192384356,-0.3386843240985971,-0.1721442737084734,0.7255283730379855,0.1366718711628826,1.2279373473853306,-0.01166035588881546,1.7760872803800642,-0.46077501373165286,-0.7695623811651242,0.5473026747769738,1.3640819374650175,-1.3788033045852264,-0.19699064821431514,-0.6107819450858708,0.14285101299207983,0.010017923499404696,1.345381247627721,-0.10840479287478322,1.3747840989702291,-0.31510033601868576,0.9264818751052164,0.22866302813671915,1.7298853986834446,-1.4770148628144282,-1.1638577177598246,20.65750670242587,0
122471.08376998633,-0.7859894605079495,-1.331232953557778,-1.8362053731032966,0.5079913269125437,-1.1033666061738736,-2.152890592952483,0.3885786045309641,2.4929995174327906,-0.006070911539893324,0.8384907744516419,0.08182935854756501,-0.09888965319114267,0.9190764829877686,-0.29027454418865134,0.26739231407190295,0.3216978061960136,-0.6680904536430488,0.9920423495365228,-0.17495975669540864,-0.7557451594928447,0.5365098435704035,-0.8984679817910373,0.028181157369128247,-0.009118996644203544,1.085895565831578,0.4746982328799528,-0.025026958745143917,0.8177662992002871,35.95959546596337,0
127620.75802699529,-0.6248764177655501,-0.980407409798038,-1.0893499965854994,1.212158688550331,-0.49314485575414874,1.0548590692108868,-0.18688583038065085,-0.676241208242424,-1.0943647975501434,-0.5881543569877504,1.4182387829062901,-1.0842100797798124,2.1167468214796505,-0.8406074274696438,0.7499499706512455,-0.14525129425498856,-0.32055958252618555,-1.271420777125136,-0.09839298275123809,-1.1582859963660044,-1.6815770997674404,0.11959867821744911,-0.6354231068357553,1.684348516124981,1.0000217150928223,1.6974321813367699,-0.6808829045078987,0.13613774013128735,17.08915439484536,0
154844.57662677963,-0.7020530938773524,-0.3276621465977682,-0.39210815313215763,-1.4635149481321186,0.29612027706457605,0.26105527217988933,0.00511345664246089,-0.23458713337514692,-1.4153707420504142,-0.42064532276535904,-0.3427145165267695,-0.8022772692216189,-0.16128571166600914,0.4040508568145384,1.8861859012105302,0.17457781283183896,0.25755039072276437,-0.07444591576616721,-1.9187712152990415,-0.026513875449216878,0.06023020994102644,2.463242112485286,-0.19236096478112252,0.30154734233361247,-0.03471176970524331,-1.168678037619532,1.1428228145150205,0.7519330326867741,23.940062096251168,0
94037.52888063974,0.9515497705740428,-1.0211624575603002,0.47347189903522846,-0.26764109089879357,0.8467707752164937,-2.1272274203514954,-0.099094300241269,-0.6028206557839616,0.4322629506341555,0.47004418736820214,-0.7076258948220261,-0.7121738641760436,-0.11066536855732945,-0.8966422273152082,0.8419836954521269,-0.36920720044744615,-2.9069882193216414,-0.3748220566218061,-1.0385438208439723,-1.6312758154609455,-1.2374266382225725,0.10940847183297006,1.3286408282482312,0.31318447386498,-0.6065033882157397,0.4559041951707027,-0.45909031021899177,-0.6946003691631446,18.645995437450846,0
60394.701096602286,-0.7345915767980492,-0.810252437014381,0.20056919723094285,1.1486373494287152,-1.015821818978397,0.06167984984797165,0.42881650033057295,0.6931056072631441,0.1764415552772252,-0.3670278390833223,-0.8275902206487197,0.08614388304637476,-1.072139011985607,-2.9213504834946074,0.4365598041576678,0.9039348410861953,-2.3629324355418384,-1.0097307047099375,0.6191542610051978,2.0574954697116987,0.020793707675407894,-0.7280029412291344,-0.18289644110484016,1.3748764191481848,-0.6459641791245353,-0.7991920066502536,-0.4827435221820324,-0.9533286082587124,28.443114674470248,0
122101.19349020084,2.184096733380456,0.570507208354516,-0.5806483025539511,-0.6113852473886282,-0.09294420661358828,-0.23950192202174977,1.1168337755299542,0.18641616974404632,-0.7316317389085281,1.8904406851557827,0.04930833152022263,0.7688396759688968,-0.6082265074447593,0.3631156277445234,0.3111099911431952,-1.889649292096153,2.01527511046064,1.2906444609225471,-0.39719531614598763,-1.1022697404558555,0.34756161380355205,0.08669769941439659,0.3556689485632294,0.19157739619408962,0.5062409893059261,1.4473056993918065,0.5681032051286461,-1.0496554989099411,15.617923065826806,0
126012.71504405975,0.6760307415219147,1.7799728584249819,0.48729896264568295,0.26460979712902977,-1.6757059854931624,-0.16856378584756937,-1.3619904925004063,-0.5041828475729068,-0.10115674439624628,-0.5778991736347096,1.5695368529284561,-0.0333248131030493,-0.14322384959453832,-2.658980740444767,0.026203668142740222,1.0211880782258511,1.2151075275369332,-1.9565320615747948,-0.7276618174809578,1.5363584411189526,-0.6116465760861789,0.11621105544986543,1.9801663948190893,-0.18389277373207247,-0.35566329222453896,0.06155597128884446,2.474092957479794,0.7854422035473758,45.05828661465569,1
114369.46195075296,-0.5242827429098788,0.5983301738078541,-1.7249168959418097,-0.686936417944251,1.3926548882840513,-0.3850368024262208,-1.8680018866707437,2.0136989173313573,0.5622502831697198,0.7644782203057904,-0.9804695349218977,0.28405657052987027,0.2575749708891946,-0.8214848566236752,-0.1698196855231585,-1.5004677127830177,-0.34670953287600176,0.9738462572598192,-0.7468482589920851,1.9072978364265534,-1.4360915125350566,-0.2601753497955941,-0.6564299636141254,-0.18018083137286925,1.3714747821409226,-0.9844554964640968,-0.45127053092953,0.6545057527231394,61.61149397567346,0
139260.52958977866,-0.7776182219374448,-0.4839604840334709,1.592358800985054,1.1793374821069253,0.03489876957170587,0.11799340155873825,3.1198109711319777,-0.6490060719238901,1.8286099491281247,0.5025955587058044,1.025709972036522,3.251080597521138,-1.0167673877583157,-0.17442291148040723,-0.9543814325524124,1.3929543646434033,2.2770267203820147,2.2539073376855665,1.7187385037752057,0.01285543864484126,-0.18828917298781583,-1.7554037269928782,2.693048242218151,0.8127736937781612,-0.3403482858433796,1.843668266784361,-0.9173174201120009,0.7379464410672089,13.718255997120842,1
131521.8016010577,-0.13845598398377382,-1.2242982362893657,-0.20902325728602528,-0.8505204542093001,-0.5805234498047227,0.5885784044206096,1.6699045043514062,0.3946715298229811,-1.1958830620351844,0.4446026682201407,1.196631486645651,-0.6097829043193822,-0.1340171666729177,0.014688194729197093,-0.78489831308224,0.648280433843859,-0.12094814860778157,0.41953244390702776,-0.8874921778021001,-0.43745830032341043,0.7223813578277714,-0.372833152091767,1.7269638512334051,-0.39963618561460235,0.22468472575188592,0.9325908318730899,-1.4183657329330317,-1.7608088119807759,49.41374670755213,0
35481.53180853501,-0.12804170627461128,0.9484463498615354,-1.2859547737148262,0.08757821895358911,0.3959356756267731,-0.0833842752742931,0.1856925897410594,0.19732726259521088,-0.812727956918432,1.4985825720118682,1.2477568340762155,1.1899113972411677,1.0136757405438634,-1.574979469433024,0.9260623778119661,0.6556014275495079,-1.5365236149437833,-0.2149103551500782,0.2767934493252883,1.6643170981246351,0.7247238578942587,-0.8645657272783016,1.6953884584519632,0.0437797627138891,-0.25584113690309174,-0.3271181965888122,-1.6235552380231333,-0.10976950381614235,3.4992438955158174,0
78160.59956476226,2.182507024177087,-0.36952161682223,0.2045493960907455,-1.031576246870158,-0.5292982375462199,0.6186865478479057,1.1293244375395006,2.9650103517207222,-0.09662890662322088,-0.9332134076455977,0.7533257603772413,-1.127827220501306,0.5642773880267363,-0.5022557161941238,0.21159497038039327,1.0910461021646674,-0.11073342908069587,0.9328790843286214,0.8731585486191489,-1.8643315283090947,-0.9016007460355724,-1.5618068613954716,2.0017371025301354,-0.1053919254373263,1.7808292129666425,-1.6329522805419834,-0.5727684245485258,0.8004982417659725,30.00438768171026,0
139987.59460056244,0.5150476863060479,3.852731490654721,0.570890510693167,1.135565640180599,0.9540017634932023,0.651391251305798,-0.3152692446403456,0.7589692204932674,-0.7728252145375718,-0.23681860674000887,-0.48536354782910346,0.08187413938632256,2.3146585666735087,-1.867265192591748,0.6862601903745135,-1.6127158711896517,-0.47193186578943347,1.088950596967366,0.06428001909546277,-1.0777447779293061,-0.7153037092599682,0.6795977489346758,-0.7303666317171367,0.21645858958197486,0.045571839903813784,-0.6516003476058171,2.1439440893253257,0.6339190223180112,10.98022170418453,0
43974.374103635375,-0.30045486881775135,0.6084077537992262,2.765979614439267,0.09913833941812458,-0.8417119460380091,1.4182403547575644,-1.5888184753202212,-1.3889081710291074,-0.5951034386477235,-0.2828867205196255,-0.6190727365172086,-0.03151232442302292,0.274741902746345,1.068959535275138,0.0911882738437822,-0.5619462476951015,1.0146453864394118,-0.8177154757301307,-1.632602745687323,1.205956017904542,1.1418532448109715,-0.7922983922041061,-0.3990988538209255,-0.9169275453299295,0.326624217565134,1.7320492913680818,0.702881798595122,1.0357246425830327,20.591070351850902,0
64475.58846338788,1.9625871905307948,0.0036956718478473255,1.0114630354083562,1.341475915530881,-0.742484232538384,-0.4853058353678683,1.230874513154735,1.6850142787085094,0.5628808601743548,-0.8798143535020543,1.9870611116994412,-0.5309708978119645,-0.33513778117145177,0.34233783448962146,1.5541604207147741,0.8539759765522237,0.41486550036191044,0.4632885301181062,0.04351466864346608,0.5581395145185063,-2.529560077694303,-0.29660745906979835,0.241321934916781,-1.151014083619507,0.38632331781156,-0.20447122098612153,1.75547569831549,1.5730197252148563,64.78801490187516,0
84861.34203741094,-0.493122822399772,1.4436320034688142,-1.2565068942792563,0.8132051867479773,-0.2789629303318085,-0.2797601684958344,0.7903718960517113,0.34005129456889044,0.570612997219531,0.9681846605328611,-0.33130838318332273,-0.6122367345077503,-1.085150526557798,-0.8254105299789551,2.9490944253087252,1.2446795807367868,-1.3510743662080213,-1.3224579567435701,0.4818660617184915,0.547264797377967,0.5488838353173644,-0.25495579355369785,-0.12545426000290022,0.3278795241593574,0.08589300629333041,-2.219300372747535,-0.22979963057519381,-0.8514064342603136,20.167915653361824,0
139593.27487564035,1.8348201445867027,-0.7350729836273578,1.667012705357071,0.3985640658920072,-0.8694327480368637,2.2123906375910085,0.39164023988893254,0.6764786687730411,-0.26935210472675786,-0.7963266453295174,0.16781324467578934,1.5814637234833284,-0.30965981218568894,-0.02675124557413819,1.456328471979585,-0.3003268458042407,0.5102763111691208,0.8773505067396974,-0.19678094887698314,0.30983759319992266,0.6611027776811732,-0.4009151935441269,0.8157651649899931,-0.5469860834554389,-0.675087578960491,-1.527041060820457,-0.5034623439010585,-0.8155027018702209,34.174839567091404,0
69984.18983592837,1.2607567924166831,0.2778351742688498,1.8712189029844004,-0.9471281516775738,-1.3468461575971113,-2.3635612786336253,0.8487895176985926,0.4440382320457035,0.37343029351880086,0.42921029327185656,-0.7979837759435362,1.2137856911368263,0.5375530218867975,1.1296651377591982,-0.6990168969004737,0.6237890305573479,-1.1753182879010322,-0.2267879030616342,0.89123787836366,0.3593123275070958,-0.7718479757351826,0.25752778742130195,-1.5878423782923716,1.6303208750779552,0.0036591766044985208,1.5922599331063911,-0.3818380245152516,-0.37829118608789947,10.245324862151392,1
102868.40435227011,0.8481742126666681,-1.232523314768509,0.5522999376795232,0.6256309336460009,-0.6967718184295749,0.5820265670847269,0.26044226333355597,-0.5388418561927383,-1.008554684076208,-1.962625691672579,0.3496500472996937,-1.5648027713620551,0.0953441994413082,-0.2634482160822491,0.6791427754381955,-0.3020454994898642,-0.3294477863470914,0.7318707042882956,0.3350580290841175,0.3161559571827783,0.46926758980852623,-1.5355721232071058,0.756788679986982,0.6124687940136023,-1.0166831285764972,-0.2440804736742013,-0.039307287627631186,-0.1344967844017327,40.4953165251167,0
125468.58246727592,0.4420740168667314,1.0480197439949521,-0.6285697474757065,-0.4444987442191827,-1.6691323590905318,-0.7718190777567552,1.6613017306081541,-0.33424709115036766,-0.3178469065105834,0.31776703243711857,-1.6122273071745234,0.9453816900875672,1.266406855372875,0.3772962654604092,1.65135098647949,-1.326831766135897,1.8437157977518461,-0.7307414032296535,-1.27991973326313,-0.237391961206669,1.8720056804723042,-0.019442140899548193,-0.9325916565610811,-1.2949424744798599,-0.10511850474641372,-1.9949615715576492,-1.3001928415934398,1.5430676518590838,20.392012463309737,0
149655.84010567056,1.179440120721287,-0.4691756521047048,-1.7131345290908775,1.3538723741654128,-0.11453984525261789,1.2378163119734618,-1.594427658794367,-0.5993750229537729,0.005243699718183166,0.046980593764742055,-0.45006547147924364,0.6228499323474987,-1.0676204293825944,-0.1423794850212935,0.12029563171189886,0.514438834058749,0.7116148780888898,-1.1246420918378692,-1.5341141707356223,1.277676821898509,0.33231401197959165,-0.7484865365565536,1.551151975522523,0.11567463429285867,1.1792971840638264,0.06751848141010895,2.060747924881987,1.7553408424432044,17.59650945681545,0
75098.18203638539,0.5112025995249807,1.3736585451629577,-0.13744851462769186,0.9528745472029388,1.6122782579886454,1.3149144535840473,1.639964529371393,0.7421274910718922,0.0754336389015928,-1.6019658118971685,-0.24606248812994858,-0.8432465953161917,2.1709427174978138,-0.1758858124323366,0.12320480678448567,0.5514853760404675,0.043602446372453724,1.695051040430753,-0.622649361734452,0.1946074552372427,-0.7424705856980482,-1.3200225112207058,-0.6117690909052854,-0.03703679704841202,-0.42930222451725997,-0.692420979873856,-1.4063174636718339,-0.08310557262869477,10.095261276094107,0
27112.773452449554,0.6095260452086012,-1.5553737338412423,0.20084509311570958,0.1007910726448063,0.04128745558743938,1.0371588986582432,0.3344385148485215,1.478071898356444,-0.9935895155940362,0.13592456721834797,0.08446678638994742,-1.06925449375508,0.9562950020913461,2.324673305852818,-0.017006074483830996,0.5050210882737669,0.08451847581532725,-0.7135846699071758,-1.8207602778020162,-0.7057734830953651,-1.3919583809517313,1.7041020780591178,-0.11510969392323915,-0.3459193290471707,0.8891538247878059,-1.121751102855888,-0.7668640380045524,0.06807226924862103,3.9519866503214445,0
140280.20093103315,-0.7999405067019342,-1.9080021371233076,-0.39305275706140097,1.00163182520856,1.3934545275244314,0.7105491022977853,0.42934082280173436,0.3796396483859655,-0.5561187467607805,-0.13006029355362003,1.669069525826331,-0.9425580057918763,1.6147787907098514,-0.3220281544920584,1.3254321090950785,-1.4068150094975382,0.5859042011646491,-0.736770135947622,-1.4152671919241875,0.21853404241094568,1.0094717885959688,-0.8449414385934964,-1.4990159604584012,-0.09184476433495513,-0.08743532877718108,0.5483196275544987,0.9495945713644882,-0.059415181272494094,29.905069961793103,0
26414.059251052575,-0.6506425691218269,-0.48712538376469605,-0.5923939242388692,-0.863990769679816,0.04852162794482699,-0.8309501164110378,0.2704568257798388,-0.05023810944913695,-0.23894804686640975,-0.9075636620415979,-0.5767713305683327,0.755391225825756,0.5009171876243808,-0.977555244798551,0.09933230542922587,0.751387123371789,-1.6694052811213718,0.543360192379935,-0.6626237589458467,0.5705986685931593,-0.7632591565425169,-1.804882100664519,-1.6275424378831627,0.048084946661381994,0.25972250172148187,-0.9043166251044086,0.6385924587773739,-1.6615200622689599,15.823665448344505,0
166366.370923754,-0.6500166686704533,-0.662130845467599,-0.5978083864853595,0.3388146008107369,-0.9941800924017872,0.3932692234702219,1.41299475562683,0.32570735781319976,-0.36958552891713703,-1.2981268850546304,1.5781068079115141,-1.1700176505989124,0.8485620344757479,0.6385178605944855,-0.23676860296405963,-0.262978803780678,-1.8357112740410206,0.3300650008126215,0.6199263323958049,-1.0890801161478045,-0.15582147432910282,0.03786191500895019,0.5845726279495681,0.0038030761231874206,-1.6263193539615841,-0.5299377694624893,0.22462578538901948,0.8415283420397591,16.35072778459769,0
47056.1006328911,-0.3307748960230527,-0.5101608136502173,0.14945608966330953,0.7707502096187874,2.381713531732546,0.8272361076574231,1.1598399663883443,-0.5059661989878553,-1.0258681059694763,0.06233134961912296,0.10716991525959621,-1.0785127413645972,-0.17529452990401284,0.3993176017191309,0.36039339501808015,0.5042878533842724,0.29096473013744295,-0.5070086592700558,-0.5139006266488432,-1.198951397993876,1.784775039185095,0.013450364619293007,-0.22485305579485193,-0.9287920814524587,2.9356579023277782,-1.0733280322228955,-0.4288479256060734,0.4158368362860605,37.340554888948155,0
107719.98899787194,2.501645035135113,-2.057966753396755,0.3562167098144623,-1.4122943199298554,0.09018263749689953,-0.5219067501050294,0.5068774563905613,-0.1268807141021942,-0.8259841780265164,-0.7602909475639799,1.9324594974495528,0.443523738462415,-1.702128706538388,0.5507877351167638,-0.1946766623579972,0.004601087097138987,0.819888153981797,1.183227173712846,-0.858812727920689,-0.02974165415538386,-0.5461110027385696,0.5968621810742627,-0.2323044937361695,0.02925147970187543,-0.2702767610101646,-0.10611951556933184,1.7046510059281352,2.390766164767724,15.65258217171979,0
123311.35289032788,0.32685540061043733,-1.3892987302109903,-0.19569853114690144,1.0600897399086655,-0.05152292852464606,0.5030903686237468,-0.3187483152461331,-1.029811848541845,-0.12334406404611045,0.3090474430326539,-0.6556877194614437,-0.2357112448566685,-0.9394632419859826,1.119244917564096,-0.294455757588034,1.452755545126183,1.5287478505409084,-0.08104596472174376,-1.0084487325473497,-2.0858978777333372,-1.4720370730267915,-1.37383482489866,1.3784696274615047,0.1158245872269461,0.3896045240919878,-2.220421008935126,-1.1979664292172616,0.887079776446287,28.94423136659409,0
22248.766777199988,0.2060920307884826,1.0415799976988445,1.558220165224536,-0.0034463745878289265,-2.110790077071193,0.22450626486850944,1.4100165964738227,0.5493012252220499,-0.14200789701085276,0.39970251959672143,2.8630213017711106,0.7080810027550111,-0.1980421100037013,-0.35023738051519493,1.5569886628232426,2.2140879541967675,0.030039148568563268,0.22624678657515043,-0.3287762851235635,1.5687800289303577,2.6018047056936098,0.790735659317666,0.3493274845425109,0.2941393998090817,-2.611168146542895,1.1441810371417809,0.4109996991950122,0.7640104607928699,12.668118328923423,1
12391.814392874094,-1.6834381922209503,-0.8058700664961888,0.9648516330974576,1.6155828235482317,-1.234348871879922,-0.5924642591528942,-0.02640575695892703,0.2801611588196068,-0.8096035199216461,0.4240610444640897,-0.47383934707091613,-0.014452270878279104,0.5462842480036996,0.0064222698109378164,-0.4363858905265686,-0.10960980392583083,-0.08836295920533532,-0.3700110298821277,-0.25879606266710237,1.598647170504717,0.5609194479412387,-0.29548031802916036,0.6969544045107356,-0.33381948975600995,1.1731246375866413,0.3696421921980939,-0.10730214400422888,0.4477169258102776,67.58029248008097,0
130766.66018299613,0.09499375135630458,-0.36047340420459595,0.5114155009299537,0.31747193473109014,-0.031918494643361994,-0.06104342546999568,-0.735858449322835,0.08334707099324289,0.8812847814327686,-0.9734467413994762,-0.005397376361534414,1.0383887557346116,0.5054240932166992,1.309472896350713,-0.5681423298343345,-1.830768448394866,0.20065180395568705,0.36257081502648514,1.3684219544726752,1.188145734706984,0.5367436230124615,0.7653902141704337,-0.1918214582066392,-1.2191146113192166,0.11772121738091015,0.9825734636277772,0.6563608698285485,0.8338073391593647,4.7297482048494865,0
107030.58670653154,-1.5350402475323597,-1.8800100339077637,0.7127120288613313,-1.8831502080585838,-0.37231905293792283,0.4373131870389607,0.18517553682991406,0.42544486418417227,0.22228985580085406,1.2788658133133932,-0.952316380738797,-0.6769951384585313,-0.772659445270824,0.8301918118626102,0.9003985883950636,0.4512253193185082,1.1834936668899279,-1.1780408673763807,1.667224111551137,1.5232386217122582,0.7356219972457467,1.78179890877106,-1.6566232076777738,-0.5244481362626519,-0.7353034606819523,0.7214793237573432,-1.0501407396021456,0.7574951493374855,3.234957396687636,0
120202.81571464823,-0.572997804990946,0.1811165102110608,-0.8357621350209089,2.2142515234622757,-0.2960172273298979,0.12644902282346232,-0.687937387463827,1.8613155972363946,1.8866146460894102,1.6309291812629403,0.9564403483476219,-0.6247895469340525,0.827850095962418,-0.007042798924735517,1.312408621742632,1.1159020533653614,-0.6492655780759244,0.9478258028372162,0.6820344500439264,-2.7735628629134483,0.8009366396294623,-0.4317957886402062,-0.8860424543316735,-0.8432606042937426,-0.13524289563203143,0.4800595800866833,-1.3654620221921803,0.1898478362124643,64.49247762149214,0
68817.64058439774,0.20753190619140988,-2.1377786225589763,-0.559854195716141,0.580892606530776,-1.0675862809037568,-2.8267447615758665,0.8492631134321289,-0.6918514956291518,2.3772299930798986,0.3712401855793554,2.236414488399766,0.10709662780472873,0.36247996380862396,-1.7327591460345722,0.3749247034504022,1.5563376415832224,0.5013543636762363,-0.22820830145901638,0.8334054897590487,0.8570342918087119,2.6390735595330486,0.4456796126626931,-1.025009090612361,0.11116422050119884,0.9790787525456519,1.4447908137144427,-1.6880382465534551,0.5544480633901758,242.63939495321893,1
143319.39808760874,-0.38647671725197413,0.33951448381884,-0.6457713506365684,-0.9107038230647322,0.09186474564849363,-1.8852000520211172,-0.29626744350888173,-1.6063770056091804,0.7792340343136079,1.0501105961089143,-0.8639512214208059,0.4283129624734963,0.8991357136874919,0.9024692225017834,0.2144508339716411,0.7343046755614968,-0.6493313119203942,0.08312246565668001,-0.46710340679077605,-0.7337879737853639,0.03606339146962743,0.34753037615807447,1.163508767954987,0.2651555272988874,0.6419305349615512,0.6532831732495379,2.68753436569696,-1.8100324032725792,38.837279072258504,0
153260.62275616179,0.9130002202742996,0.3041261706698093,0.2658984798138483,0.8375627033583725,-0.8136453560596746,1.213731437725842,-0.14004285194223806,0.8885988803308748,0.7344490334876547,-1.038801828002556,0.5029004049141359,0.32627467084668543,0.030311657494342222,-0.09437175003538116,-0.08589324971779164,0.8126894256439955,0.5779105137915099,0.030478850265664822,-1.4919361464713747,0.49444341408361847,0.7236136191777794,2.3004100854469702,1.075433063105038,-1.8991763879154675,0.07842939901864268,1.8113750286649815,0.6235488569016372,0.32865216037320905,5.256402303401377,0
153641.30525683373,1.109929595880336,-0.09239843860334836,-1.2171204023529052,-0.9878306809204656,0.9332324483156341,-0.6303124792529813,-1.008055477111948,-0.7580853266871995,-0.6873843120907001,0.850647667782251,-0.15674207578227609,-1.3723746002994057,0.031044897762356697,0.22226613244824175,-0.47933686144085164,1.1558850841927,-0.42093888569228466,1.1083376866371504,0.5967827796749764,0.9266055080444071,-1.0985508408063949,0.09831019223810258,-0.05282800457476905,-1.422006524907533,1.1050607298029094,-0.8174008969073498,-0.6095678288359828,-1.0133158355977259,129.62232849171747,0
159938.23903029095,-0.9896048202585809,-0.12578692009964815,0.055724912288694604,1.0941915184709485,-1.6924646297148194,1.5295503194606137,-0.15800789857898942,-0.42688106994742003,-1.0121043752601675,-1.6548566718657693,0.8231705839619146,0.07331796718840389,-1.2899608997410539,-1.295078772063616,-0.3357846992901282,1.669021525289393,-0.2595913513636048,-1.5031429531181062,-0.24574306408594432,-0.2727235697476705,-2.6968866429415717,-0.05429486651781221,-0.23093453020867796,0.6962063648134184,1.8489560949453452,1.1265650295477574,-0.26888869055483056,-1.1065259087416703,22.20007001228291,0
36744.94823692541,0.513907849658915,0.17958178193959795,0.3506300992735592,0.4891871301476635,0.6347214685617699,1.1096998419562232,0.40981865692851255,-0.24125765461854246,0.6725737012027313,1.8998819348952156,-0.13263374638257355,-0.9745293046706415,1.1070806692869728,-0.12038116395359824,-2.172669546014036,0.8474216771504216,-0.5353281859539227,-0.09053328230416077,0.33198033056901455,0.1904996797790664,0.7094518171390395,-0.43548637056984335,0.5131057981760827,-0.2595466775839172,0.738810480887503,0.6153674840130534,-0.9354387020445953,1.0859821161750323,22.77918019900707,0
151159.57560933006,-0.6608607622268543,0.2506924160227523,-0.8119741522934762,1.1842534160314664,-0.5899776907526124,0.6611025357349691,-1.264767283185519,0.781173856610691,-0.9663840692682004,0.26117680697450923,1.0232009733479865,-0.19998289855677934,-1.0291669107459331,0.49681250713592134,-0.840981398986548,-0.40424559919722874,0.2654626594957273,1.3606760361077053,0.02655335379946882,0.022857509845123507,0.7375128936228513,0.0503718966729968,0.635530199832898,1.078533546062947,-0.3277371502679994,-3.2750106339134555,-0.8179270935854663,1.208682010835303,29.7187013385966,0
47469.02966907442,-0.5615997817331002,-2.035922932901463,0.5590397837547814,-0.30311964702262983,0.026937476712524167,-0.6258435037551108,4.544803181800917,-1.619687283024216,3.650194734273127,-0.21876383690162232,1.339285394553844,-0.4397557011253804,-0.4899602718265449,-0.6917958841191597,1.8856670157677213,-1.4429596323524674,0.6869302530912025,-2.3713912820621705,0.5782345253701164,1.2689711271186292,-1.2794229287688432,1.0644911220624926,0.3116624927491858,2.1681117464294073,-0.7762476587733078,3.6291830844672757,-2.618938585190285,-0.14540456076335084,78.77094814486605,1
140725.54149161727,-0.9680457585102453,-0.31030770538490365,-0.6143231440962944,-0.7097889922335351,0.9788895585567792,-1.3717431292635056,1.6087808557343735,0.8282296901846228,1.090861670603698,-0.4629395120252583,-0.14994071907910936,-1.433151814524712,-0.524662407066803,0.4936548476431509,1.2960630617813962,-1.1071568168024517,-0.36550593698526584,-0.15129922023252232,-1.3957892021924851,0.5913492417584003,-0.7239903317426091,-0.19539035117702397,-0.4519493719118777,-0.7893385057196743,-0.0070449854805546995,-0.21560957856802238,-0.37185788227866556,-0.7284616216803428,6.791207708704026,0
5179.43632999875,1.1081828167375165,-1.0399059271255309,0.6127739050625697,-1.0534155631736561,-0.6237689606958051,1.9140313538667861,-0.19068240076334658,0.21743287317972287,0.8700677306887542,0.49568188797260465,0.15041890514357642,0.3649610024662254,2.403415585238275,-0.05761879703358539,0.2010990467149675,1.050654396007612,1.1055259329579838,1.1870303055603801,0.6387302220291846,-1.1430049127304835,1.633431532301096,-1.146345393018688,0.30263546523903323,-0.7542758500193579,-0.06413834659299254,0.3287624103034804,0.32135721545027307,0.42192075423528475,30.065851418657985,0
160113.95422013625,-0.6416668201303823,1.665351917623531,-0.8561698406617501,0.03556607403299353,0.6523061516102304,-1.6313351104170732,0.4802605014059249,-1.0551076754804494,0.8227827808340025,-0.9626510119189763,0.6927690318488605,1.1058330662947127,0.8614365256328049,0.2513166482381024,-0.23130094292969944,-0.5764195763348439,1.471034690817104,-0.6994952201676432,-1.0370660735699961,0.66536893503283,-0.7961368031864954,-0.9500634974661272,-1.443604262169765,-0.4829098394605177,-0.0827150238964932,0.24309172766069878,0.9513062442994834,0.5268979236657937,6.306537712239215,0
7292.240970848371,3.967959320885509,-0.059810165637721235,0.8621492335000899,0.17231482409735732,0.6042790900487238,-0.03588041006674103,-0.07985690950229862,2.43267823864039,1.6626219558212068,0.41409597687907684,-1.569566033114492,-0.1832110679030836,3.4936330772861,-0.02679399996764975,2.5910487409776195,1.980330882343121,0.5127566990271701,-0.7601859582417827,-2.672374798139466,1.0709958503307453,-0.7277072033882577,0.4613805422652305,-1.2497844075072368,-0.06828504856424261,0.2904628658812639,0.5723122972531574,-1.0877866248228971,1.6862931385136226,46.67637266926946,1
157130.56547921355,0.822544912103189,-1.2208436499710222,0.2088635950047554,-1.9596701238797756,-1.3281860488984305,0.19686123586912352,0.7384665799954104,0.1713682811899705,-0.11564828238824053,-0.3011036955892888,-1.4785219903674274,-0.7198442083947086,-0.4606387709597875,1.0571222262189157,0.3436182895684614,-1.763040155362734,0.324083969394795,-0.38508228041631654,-0.6769220003059587,0.6116762888408679,1.030999522495951,0.9312801191161986,-0.8392175232226385,-0.3092123758512146,0.33126343140356396,0.9755451271223592,-0.47917423784528995,-0.18565897666381712,19.974813155273893,0
129837.6148658191,0.12150501140171552,-0.9763752712833716,-0.8924558393569035,0.3550224544215164,-0.22111309528850173,-0.840281430657129,-0.9228301897268331,-0.3038308479862159,1.5681047947182098,-0.5260780322119588,-0.014019538257588698,0.10164428768951007,-1.131026391491943,-1.7628324838426952,-1.026640734735731,0.24707737780630315,0.08733105791540921,0.7024065691510653,0.09674989495911643,-0.10954929146920354,-0.6040122749251271,0.8846067898626929,-0.9191801387207167,-1.1103995172960208,0.567055517388103,-1.333157310653655,2.4147909986586313,0.07999338055914339,28.60217906332211,0
115908.19639655658,-0.5530898169141323,0.6958638390937854,1.1734422766324448,-0.2725447213618092,-0.3405987069098615,0.5001430331138838,-1.3569355696995753,0.223153054747697,0.551885971822154,0.6802302084176292,-1.936752702502465,-0.7613552698089406,-0.8782632528234666,0.09988695440921298,0.48074457976798396,1.4967104074459814,-0.4949654803680731,-0.49757249830921385,1.149672018878747,0.2965769385303051,1.2676515111879738,0.2887280030098363,-1.1571166187132709,-1.3331283547778066,-1.551512249058929,0.6620518347584732,1.188596823087008,1.849362141386381,18.592951485982873,0
160023.09193659626,-0.8071399829793362,1.0033827642199402,0.12181470577485806,1.5452571697547433,2.414217312238733,-0.4702435923032813,-0.429063876901458,-0.24624212194871742,0.5957022501755148,1.32596997047509,-0.6528084841698033,0.38124426647807275,-0.13592728985576719,0.6181091025405885,1.5094576934076902,-0.24032823743301487,-1.6698676666737307,0.7439016768802931,-0.8327052186054525,-0.14311573696377775,0.7870308368716137,0.297394853531108,-0.10172002555304499,-0.575881712458321,-2.899893780274999,0.6983208157562021,-0.25295169922576405,1.5133362783557256,38.967416653991855,0
157556.4674195701,0.39542098538803816,-0.9575689550152119,-0.5893322314273619,-0.4586386361010845,0.8567024802425557,1.6773770878054892,-0.8051717517428763,1.0768481446576803,-2.169677417725702,-1.1941894010922893,-0.9587784561867748,-1.3525086894407223,-1.58358838978758,0.41299891213779755,-0.21406769772786138,0.3794053976051097,0.690472686121513,0.26561699317253346,0.6577631761503737,-0.06953228624226938,-1.1869933883057446,1.0578141808207961,-0.589112132781127,-0.9355962987624259,-0.17791787580439816,-0.912810919296513,-0.4174303819894322,0.3440539215634665,101.71501363651791,0
74037.52578507185,0.7751554940347831,0.5530400858523584,0.23402445435314795,-0.24852861807444937,1.2005316584738726,0.14035986984804696,-1.9670697035871523,-1.1171864617070024,-0.1858457521927473,0.3099989831655551,-0.05658848889989584,1.2189707897936632,-1.9511018640386248,0.1435879365051602,-1.8179792253871547,0.7597122954841684,-0.09445871444200275,0.41960997202411815,-0.8638829605897661,1.279464931657751,1.0417246640588513,0.5835443030118876,-0.12951724686344077,0.5798572852951321,-0.7068925679873489,0.8555556590207121,1.649480894323921,1.0706105599791862,28.52961027345551,0
71054.92607890391,0.9321915642603847,-0.23655528721894603,1.1356201471829441,-1.1062935124116342,-0.8245141615276735,-0.6085897232397004,-0.5289777080640152,-1.0565576427602528,1.223083067095325,-0.25885440036983165,0.35250496835687956,-0.5703513664136806,-1.8206033005485172,0.2700573583914221,-1.9122549754197768,-0.06863404608546861,-1.3683150388328105,1.987275999230808,0.9113627221747217,0.10575379127148042,1.2637066776546686,-0.8463159774657358,0.543479378670093,0.1998104337187135,0.26402008133367,1.2723535001067678,0.7324921027798023,0.28872366282502326,6.570446735702356,0
28229.77585124701,-0.5481663559692463,-0.5382361859911543,-0.1358547163882445,0.286194759048022,-2.498493587871451,-2.3764328563378636,-0.33869133992187517,-0.19776904470561435,0.18911121660394065,-0.7276723548562242,0.00946519402268165,0.12652320501805506,-0.7345580968654715,1.013455821741101,0.17698631145506066,0.5469610954632903,0.06884573128385278,2.10367310306172,0.5963970691176537,-0.4879933162072253,0.8209668843684006,-1.6376049174566718,0.1196002626671043,0.3191602900919905,0.1310207620786982,-0.3337788708388873,-1.0122733568370152,-0.7893470120509625,11.974949380547994,0
80220.41621093807,0.8970661968871322,1.2748750412787222,0.6515219913395057,-1.1376856704248166,-0.20149153394751798,-0.006521315229458062,0.5987943895619102,0.6683404887180808,-0.7341737987784958,0.08199555641356042,0.4572804046152411,1.4558223221467665,0.7045065398247231,0.7890566873755189,0.08382662792936094,1.4104591452035038,0.4097627959594974,-0.8610879101735704,1.4033699701251907,0.6979032725390276,-0.4430440211284823,-0.47949296739924335,0.2965755451407618,0.4631847952675847,0.19729226563120644,0.3113086734428849,1.6999573745763805,1.0715431522348857,10.830766327439047,0
55584.57421317,0.7141034997200926,-0.15382602719836666,-0.872929676739566,-0.019749093534627345,-0.48657989067380747,-0.7961707046937446,0.3389936853092464,-0.7579922225186737,-1.5663497329640925,-1.3441144703631869,-1.6032604668159496,0.2475119165762044,0.15040543817616392,0.10052009450816196,0.5877316524799424,1.1919588561171166,-0.5922665308251153,0.4064774772384181,-1.5796155074058769,1.3787097462633506,-1.244831238218157,-0.7100811190404376,-0.5977095137330924,-1.5262709967222121,0.03257557740856184,0.2139038682014817,-0.18941367098154974,-1.5402476320310767,32.12298502684432,0
117342.70925684614,-0.9733788380270346,1.0071333364731596,0.3361449630262288,-0.22747625995340778,-0.8239354869719996,-0.7191094514491859,2.049812095785926,0.000682818957482628,0.7821300015314592,-0.7908993816675531,-0.7798529462216388,1.0819848092499422,-1.3495762115515322,-0.41521376790527154,0.03402741107223205,0.11137260184005242,-0.17909328501615626,0.3958197810959231,0.6928557558178116,0.73463754545933,-0.9858038086678267,-0.2841550979287972,1.1947628618769377,0.8946471875738723,-1.372859451481064,0.35147990035220167,-1.9782252493748103,0.04693490206036963,42.69474877475693,0
36496.787083998046,-0.8804722202890938,-0.4075949824893653,-0.006980372853426509,1.4376239040680177,-0.1353908464468429,-1.6527508481235111,2.405665742031373,-0.7545081603380475,0.17953548747444553,0.7858438083288538,1.7407823501479847,1.5630154570257706,0.8248037720713106,-0.7835714956365296,3.418900177013862,0.48320015600587984,0.07319172805419252,1.406710507666685,0.5493411351160866,0.7290738315271925,3.240620798320824,-0.08014571390605596,-0.13131307282087495,0.38989421441495653,1.5358191226972464,-1.5578408362284788,-2.108667069771806,-0.4545383247441771,94.00235394848039,1
19117.16414585981,-0.4446375582456402,-0.42740794244947544,-0.5526457733470056,0.9638503187153616,0.9735574475201241,1.385903321291099,1.008602949848836,-1.6322180794285188,0.28096432091819923,-1.058385402847052,-0.5129143749714155,0.17059420358086325,0.8355653983499038,-0.8908433424510777,-2.3247196614524013,0.18053084180543139,2.6435715833985505,-0.20284621967015248,0.046915434950258676,1.7821636185360787,0.5902746190617881,0.2168610369829383,0.44211666531347293,0.2502439325736485,-1.139754428156706,-1.3414451577996975,1.8868281121242367,0.1838833519051575,72.74607581064457,0
84057.2444981159,0.7277137352239367,2.036073613229714,1.5839465818104506,0.8619099882270367,-0.31408579950644044,0.4956021254680725,0.9794826821816673,1.3940770398855755,1.2414777879549619,-0.10569853238570637,-0.06780096540295055,1.8500647602645095,0.948248748187846,-0.13338808468720276,1.705986487962035,0.3398335675000349,1.8323415114633683,-2.0657362781660322,-0.22662915981611892,2.168865418574426,0.9258380841607746,2.3771280019770495,-1.2161685117961571,1.5366360591261847,1.4646693081445994,-1.7680742423946008,-0.10460274743970072,0.12216507376710023,55.27053883326907,1
89688.77800638601,-1.1808128153088449,1.114321694668872,0.7153813154412441,0.7181857257079345,0.4384757388097273,0.019616657693989903,0.6728612359668199,0.591814133741378,-0.3540407109410238,-0.573601772896901,0.1018562952619867,1.5490201514951873,-1.2391070756539009,-1.46752526575244,0.16476084123651674,0.05088770185601806,0.1733416643704082,0.24395319790850026,-0.22320225463480511,1.4898634386020821,-1.6009039784765156,-0.828497024780246,-0.10325476014904739,-1.6431888111541673,-0.17585440443207118,1.6614701657280182,0.020886488295961788,0.23070090571868349,19.265562922507826,0
62393.71271173123,-0.8650714271711278,1.5677961311964723,-0.8595000398001769,0.5251903903377283,-1.1378071596536348,0.5233950169020153,-0.3255873571531219,-0.3125161606756704,0.6100231697844505,-0.4691413650790981,-1.4281484954450976,0.7613055634094525,-1.1459005899823282,0.51651728439791,0.9729965453330005,-0.3754938863522174,1.182352844091784,0.48178370786128394,-0.6958614201447756,1.4014290022660747,-1.1416718217393904,-0.37670042990356545,-0.20631480361932888,0.6052237010182555,1.1154332973811345,1.0527915569027135,0.22374831957430621,-0.28026910446356673,109.73769270815252,0
151485.74253936202,-0.2690944379289504,1.489045173884479,0.8778251684801136,-0.43365032677184717,-0.34230863862439936,-1.7308731037655674,1.444338791981811,0.8860635602461532,-0.13707782104185295,0.20013441917342262,-2.17086582813041,-0.4867144960427494,1.3344456408641356,0.9815473767300812,0.330700557063932,-0.014718258634936664,0.7964054296963266,-0.28138510655108645,-1.6646931961950078,-0.006199139673872496,0.40311932708557713,1.122677684798021,-1.4411957604959986,-0.12291130655145516,-0.07530365475512335,-1.1012519048471119,0.48767327492329376,0.7473680316118015,7.239967755574997,0
61330.98139954733,-0.14900519936386536,0.9315712686810645,0.2612666841318994,0.3319425566668639,0.7991788199053993,0.4287906399387243,-0.3411079025487173,-0.1664691282352289,0.21187867865182275,-0.8955560935463348,0.9960086593886697,0.2886539308074841,0.07477626792196859,1.192496559031471,-0.12011364321136973,-0.182420997152417,-0.4846287640039644,0.3430670089259352,0.30845010833151476,-0.6662842005099068,-0.17769397711340018,-0.659602268519233,-0.7048684538154905,-1.729897831726847,-0.23091025368155538,-1.7022132660800113,-0.4628156863395111,-0.6126946458776085,8.958157758445308,0
661.874198455741,1.0841982440435427,0.21030304022199536,0.19839351717748668,-0.009182353385138937,-0.5177574472222197,0.2178023397487261,0.4755884359285824,-1.746895691345555,-0.5387608373460957,-0.2549469704035893,0.25617060569427813,1.193311005927126,-0.7717408145967823,-0.497961846817842,-0.5125341106465501,-0.8015275901045416,-0.34718649511226246,0.7708022199879712,-1.0538354953643456,0.4278143951529032,-1.7019022300183355,-0.5613379964422059,-0.32948930021798606,1.6748596729140648,-0.274802304752688,-2.2012434734509183,-1.9988889068612499,0.03402958634668099,22.04660848629814,0
61286.32022142231,1.1438367264203908,0.4033003902452816,0.4276172815847823,-1.5613523357772998,1.3798386997400571,-0.4652168666180802,-0.28879530269948617,-1.0692868554188253,-1.7869457313398482,1.157346311723567,1.2865973693976245,-0.16552815135332738,-0.6793845698063502,-0.3770441691342582,-0.3496149900355497,-1.1998597221795984,-0.29225521544384025,0.15310199293432541,1.018157247648752,0.01424416401371203,-1.5763517088994359,0.3535478631986765,-0.25593056166975336,1.3704096939838664,1.4294578020440076,1.4644543122672997,-0.5615879353732794,1.9898550733375573,2.258505141599837,0
